-- phpMyAdmin SQL Dump
-- version 5.2.1
-- https://www.phpmyadmin.net/
--
-- Host: 127.0.0.1
-- Generation Time: Apr 23, 2024 at 09:30 AM
-- Server version: 10.4.28-MariaDB
-- PHP Version: 8.2.4

SET SQL_MODE = "NO_AUTO_VALUE_ON_ZERO";
START TRANSACTION;
SET time_zone = "+00:00";


/*!40101 SET @OLD_CHARACTER_SET_CLIENT=@@CHARACTER_SET_CLIENT */;
/*!40101 SET @OLD_CHARACTER_SET_RESULTS=@@CHARACTER_SET_RESULTS */;
/*!40101 SET @OLD_COLLATION_CONNECTION=@@COLLATION_CONNECTION */;
/*!40101 SET NAMES utf8mb4 */;

--
-- Database: `ocrsdb`
--

-- --------------------------------------------------------

--
-- Table structure for table `assessments`
--

CREATE TABLE `assessments` (
  `id` bigint(20) UNSIGNED NOT NULL,
  `subject_id` bigint(20) UNSIGNED NOT NULL,
  `grading_period` varchar(255) NOT NULL,
  `type` varchar(255) NOT NULL,
  `description` varchar(255) NOT NULL,
  `max_points` decimal(5,2) DEFAULT NULL,
  `subject_type` varchar(255) NOT NULL,
  `activity_date` date DEFAULT NULL,
  `published` tinyint(1) NOT NULL DEFAULT 0,
  `published_at` timestamp NULL DEFAULT NULL,
  `created_at` timestamp NULL DEFAULT NULL,
  `updated_at` timestamp NULL DEFAULT NULL
) ENGINE=InnoDB DEFAULT CHARSET=utf8mb4 COLLATE=utf8mb4_unicode_ci;

--
-- Dumping data for table `assessments`
--

INSERT INTO `assessments` (`id`, `subject_id`, `grading_period`, `type`, `description`, `max_points`, `subject_type`, `activity_date`, `published`, `published_at`, `created_at`, `updated_at`) VALUES
(1, 5, 'First Grading', 'Lab Activity', 'lab 1', 10.00, 'Lab', '2024-04-08', 0, NULL, '2024-04-22 22:23:09', '2024-04-22 22:23:09'),
(2, 5, 'First Grading', 'Lab Exam', 'lab exam', 100.00, 'Lab', '2024-04-24', 0, NULL, '2024-04-22 22:23:32', '2024-04-22 22:23:32'),
(3, 5, 'First Grading', 'Lab Activity', 'lab 2', 30.00, 'Lab', '2024-04-18', 0, NULL, '2024-04-22 22:25:05', '2024-04-22 22:25:05'),
(4, 2, 'First Grading', 'Quiz', 'asdasd', 10.00, 'Lec', '2024-04-01', 0, NULL, '2024-04-22 22:35:25', '2024-04-22 22:35:25'),
(5, 2, 'First Grading', 'OtherActivity', 'qweqwe', 10.00, 'Lec', '2024-04-25', 0, NULL, '2024-04-22 22:35:43', '2024-04-22 22:35:43'),
(6, 2, 'First Grading', 'Exam', 'exam', 100.00, 'Lec', '2024-04-29', 0, NULL, '2024-04-22 22:35:57', '2024-04-22 22:35:57'),
(7, 2, 'Midterm', 'Quiz', 'rtrt', 15.00, 'Lec', '2024-05-01', 0, NULL, '2024-04-22 22:38:30', '2024-04-22 22:38:30'),
(8, 2, 'Midterm', 'OtherActivity', 'aawdaw', 10.00, 'Lec', '2024-05-02', 0, NULL, '2024-04-22 22:38:47', '2024-04-22 22:38:47'),
(9, 2, 'Midterm', 'Exam', 'exam ', 100.00, 'Lec', '2024-05-09', 0, NULL, '2024-04-22 22:39:10', '2024-04-22 22:39:10'),
(10, 2, 'Finals', 'Quiz', 'ryerye', 10.00, 'Lec', '2024-04-24', 0, NULL, '2024-04-22 23:02:31', '2024-04-22 23:02:31'),
(11, 2, 'Finals', 'OtherActivity', 'gfgdfg', 10.00, 'Lec', '2024-04-30', 0, NULL, '2024-04-22 23:02:54', '2024-04-22 23:02:54'),
(12, 2, 'Finals', 'Exam', 'exam ', 100.00, 'Lec', '2024-05-01', 0, NULL, '2024-04-22 23:03:10', '2024-04-22 23:03:10');

-- --------------------------------------------------------

--
-- Table structure for table `assessment_descriptions`
--

CREATE TABLE `assessment_descriptions` (
  `id` bigint(20) UNSIGNED NOT NULL,
  `subject_desc_id` bigint(20) UNSIGNED NOT NULL,
  `grading_period` varchar(255) NOT NULL,
  `type` varchar(255) NOT NULL,
  `description` varchar(255) NOT NULL,
  `created_at` timestamp NULL DEFAULT NULL,
  `updated_at` timestamp NULL DEFAULT NULL
) ENGINE=InnoDB DEFAULT CHARSET=utf8mb4 COLLATE=utf8mb4_unicode_ci;

-- --------------------------------------------------------

--
-- Table structure for table `enrolled_students`
--

CREATE TABLE `enrolled_students` (
  `id` bigint(20) UNSIGNED NOT NULL,
  `student_id` bigint(20) UNSIGNED NOT NULL,
  `imported_classlist_id` bigint(20) UNSIGNED NOT NULL,
  `created_at` timestamp NULL DEFAULT NULL,
  `updated_at` timestamp NULL DEFAULT NULL
) ENGINE=InnoDB DEFAULT CHARSET=utf8mb4 COLLATE=utf8mb4_unicode_ci;

--
-- Dumping data for table `enrolled_students`
--

INSERT INTO `enrolled_students` (`id`, `student_id`, `imported_classlist_id`, `created_at`, `updated_at`) VALUES
(1, 36, 1, '2024-04-17 19:54:59', '2024-04-17 19:54:59'),
(2, 37, 1, '2024-04-17 19:55:00', '2024-04-17 19:55:00'),
(3, 38, 1, '2024-04-17 19:55:00', '2024-04-17 19:55:00'),
(4, 39, 1, '2024-04-17 19:55:00', '2024-04-17 19:55:00'),
(5, 40, 1, '2024-04-17 19:55:00', '2024-04-17 19:55:00'),
(6, 41, 1, '2024-04-17 19:55:00', '2024-04-17 19:55:00'),
(7, 42, 1, '2024-04-17 19:55:00', '2024-04-17 19:55:00'),
(8, 43, 1, '2024-04-17 19:55:00', '2024-04-17 19:55:00'),
(9, 44, 1, '2024-04-17 19:55:01', '2024-04-17 19:55:01'),
(10, 45, 1, '2024-04-17 19:55:01', '2024-04-17 19:55:01'),
(11, 46, 1, '2024-04-17 19:55:01', '2024-04-17 19:55:01'),
(12, 47, 1, '2024-04-17 19:55:01', '2024-04-17 19:55:01'),
(13, 48, 1, '2024-04-17 19:55:01', '2024-04-17 19:55:01'),
(14, 49, 1, '2024-04-17 19:55:01', '2024-04-17 19:55:01'),
(15, 50, 1, '2024-04-17 19:55:01', '2024-04-17 19:55:01'),
(16, 51, 1, '2024-04-17 19:55:01', '2024-04-17 19:55:01'),
(17, 52, 1, '2024-04-17 19:55:02', '2024-04-17 19:55:02'),
(18, 53, 1, '2024-04-17 19:55:02', '2024-04-17 19:55:02'),
(19, 54, 1, '2024-04-17 19:55:02', '2024-04-17 19:55:02'),
(20, 55, 1, '2024-04-17 19:55:02', '2024-04-17 19:55:02'),
(21, 56, 1, '2024-04-17 19:55:02', '2024-04-17 19:55:02'),
(22, 36, 2, '2024-04-18 22:37:11', '2024-04-18 22:37:11'),
(23, 37, 2, '2024-04-18 22:37:11', '2024-04-18 22:37:11'),
(24, 38, 2, '2024-04-18 22:37:11', '2024-04-18 22:37:11'),
(25, 39, 2, '2024-04-18 22:37:11', '2024-04-18 22:37:11'),
(26, 40, 2, '2024-04-18 22:37:11', '2024-04-18 22:37:11'),
(27, 41, 2, '2024-04-18 22:37:11', '2024-04-18 22:37:11'),
(28, 42, 2, '2024-04-18 22:37:11', '2024-04-18 22:37:11'),
(29, 43, 2, '2024-04-18 22:37:11', '2024-04-18 22:37:11'),
(30, 44, 2, '2024-04-18 22:37:11', '2024-04-18 22:37:11'),
(31, 45, 2, '2024-04-18 22:37:11', '2024-04-18 22:37:11'),
(32, 46, 2, '2024-04-18 22:37:11', '2024-04-18 22:37:11'),
(33, 47, 2, '2024-04-18 22:37:11', '2024-04-18 22:37:11'),
(34, 48, 2, '2024-04-18 22:37:11', '2024-04-18 22:37:11'),
(35, 49, 2, '2024-04-18 22:37:11', '2024-04-18 22:37:11'),
(36, 50, 2, '2024-04-18 22:37:11', '2024-04-18 22:37:11'),
(37, 51, 2, '2024-04-18 22:37:11', '2024-04-18 22:37:11'),
(38, 52, 2, '2024-04-18 22:37:11', '2024-04-18 22:37:11'),
(39, 53, 2, '2024-04-18 22:37:11', '2024-04-18 22:37:11'),
(40, 54, 2, '2024-04-18 22:37:11', '2024-04-18 22:37:11'),
(41, 55, 2, '2024-04-18 22:37:12', '2024-04-18 22:37:12'),
(42, 56, 2, '2024-04-18 22:37:12', '2024-04-18 22:37:12'),
(43, 36, 3, '2024-04-18 23:39:12', '2024-04-18 23:39:12'),
(44, 37, 3, '2024-04-18 23:39:12', '2024-04-18 23:39:12'),
(45, 38, 3, '2024-04-18 23:39:12', '2024-04-18 23:39:12'),
(46, 39, 3, '2024-04-18 23:39:12', '2024-04-18 23:39:12'),
(47, 40, 3, '2024-04-18 23:39:12', '2024-04-18 23:39:12'),
(48, 41, 3, '2024-04-18 23:39:12', '2024-04-18 23:39:12'),
(49, 42, 3, '2024-04-18 23:39:12', '2024-04-18 23:39:12'),
(50, 43, 3, '2024-04-18 23:39:12', '2024-04-18 23:39:12'),
(51, 44, 3, '2024-04-18 23:39:12', '2024-04-18 23:39:12'),
(52, 45, 3, '2024-04-18 23:39:12', '2024-04-18 23:39:12'),
(53, 46, 3, '2024-04-18 23:39:13', '2024-04-18 23:39:13'),
(54, 47, 3, '2024-04-18 23:39:13', '2024-04-18 23:39:13'),
(55, 48, 3, '2024-04-18 23:39:13', '2024-04-18 23:39:13'),
(56, 49, 3, '2024-04-18 23:39:13', '2024-04-18 23:39:13'),
(57, 50, 3, '2024-04-18 23:39:13', '2024-04-18 23:39:13'),
(58, 51, 3, '2024-04-18 23:39:13', '2024-04-18 23:39:13'),
(59, 52, 3, '2024-04-18 23:39:13', '2024-04-18 23:39:13'),
(60, 53, 3, '2024-04-18 23:39:13', '2024-04-18 23:39:13'),
(61, 54, 3, '2024-04-18 23:39:13', '2024-04-18 23:39:13'),
(62, 55, 3, '2024-04-18 23:39:13', '2024-04-18 23:39:13'),
(63, 56, 3, '2024-04-18 23:39:13', '2024-04-18 23:39:13'),
(64, 36, 4, '2024-04-18 23:41:17', '2024-04-18 23:41:17'),
(65, 37, 4, '2024-04-18 23:41:17', '2024-04-18 23:41:17'),
(66, 38, 4, '2024-04-18 23:41:17', '2024-04-18 23:41:17'),
(67, 39, 4, '2024-04-18 23:41:17', '2024-04-18 23:41:17'),
(68, 40, 4, '2024-04-18 23:41:17', '2024-04-18 23:41:17'),
(69, 41, 4, '2024-04-18 23:41:17', '2024-04-18 23:41:17'),
(70, 42, 4, '2024-04-18 23:41:18', '2024-04-18 23:41:18'),
(71, 43, 4, '2024-04-18 23:41:18', '2024-04-18 23:41:18'),
(72, 44, 4, '2024-04-18 23:41:18', '2024-04-18 23:41:18'),
(73, 45, 4, '2024-04-18 23:41:18', '2024-04-18 23:41:18'),
(74, 46, 4, '2024-04-18 23:41:18', '2024-04-18 23:41:18'),
(75, 47, 4, '2024-04-18 23:41:18', '2024-04-18 23:41:18'),
(76, 48, 4, '2024-04-18 23:41:18', '2024-04-18 23:41:18'),
(77, 49, 4, '2024-04-18 23:41:18', '2024-04-18 23:41:18'),
(78, 50, 4, '2024-04-18 23:41:18', '2024-04-18 23:41:18'),
(79, 51, 4, '2024-04-18 23:41:18', '2024-04-18 23:41:18'),
(80, 52, 4, '2024-04-18 23:41:18', '2024-04-18 23:41:18'),
(81, 53, 4, '2024-04-18 23:41:18', '2024-04-18 23:41:18'),
(82, 54, 4, '2024-04-18 23:41:18', '2024-04-18 23:41:18'),
(83, 55, 4, '2024-04-18 23:41:18', '2024-04-18 23:41:18'),
(84, 56, 4, '2024-04-18 23:41:18', '2024-04-18 23:41:18'),
(85, 59, 5, '2024-04-22 20:26:48', '2024-04-22 20:26:48'),
(86, 60, 5, '2024-04-22 20:26:48', '2024-04-22 20:26:48'),
(87, 61, 5, '2024-04-22 20:26:48', '2024-04-22 20:26:48'),
(88, 62, 5, '2024-04-22 20:26:48', '2024-04-22 20:26:48'),
(89, 63, 5, '2024-04-22 20:26:48', '2024-04-22 20:26:48'),
(90, 64, 5, '2024-04-22 20:26:48', '2024-04-22 20:26:48'),
(91, 65, 5, '2024-04-22 20:26:48', '2024-04-22 20:26:48'),
(92, 66, 5, '2024-04-22 20:26:48', '2024-04-22 20:26:48'),
(93, 59, 6, '2024-04-22 22:22:45', '2024-04-22 22:22:45'),
(94, 60, 6, '2024-04-22 22:22:45', '2024-04-22 22:22:45'),
(95, 61, 6, '2024-04-22 22:22:45', '2024-04-22 22:22:45'),
(96, 62, 6, '2024-04-22 22:22:45', '2024-04-22 22:22:45'),
(97, 64, 6, '2024-04-22 22:22:45', '2024-04-22 22:22:45'),
(98, 65, 6, '2024-04-22 22:22:45', '2024-04-22 22:22:45'),
(99, 66, 6, '2024-04-22 22:22:45', '2024-04-22 22:22:45');

-- --------------------------------------------------------

--
-- Table structure for table `failed_jobs`
--

CREATE TABLE `failed_jobs` (
  `id` bigint(20) UNSIGNED NOT NULL,
  `uuid` varchar(255) NOT NULL,
  `connection` text NOT NULL,
  `queue` text NOT NULL,
  `payload` longtext NOT NULL,
  `exception` longtext NOT NULL,
  `failed_at` timestamp NOT NULL DEFAULT current_timestamp()
) ENGINE=InnoDB DEFAULT CHARSET=utf8mb4 COLLATE=utf8mb4_unicode_ci;

-- --------------------------------------------------------

--
-- Table structure for table `grades`
--

CREATE TABLE `grades` (
  `id` bigint(20) UNSIGNED NOT NULL,
  `enrolled_student_id` bigint(20) UNSIGNED NOT NULL,
  `assessment_id` bigint(20) UNSIGNED DEFAULT NULL,
  `points` varchar(255) DEFAULT NULL,
  `total_fg_grade` decimal(5,2) DEFAULT NULL,
  `tentative_fg_grade` int(11) DEFAULT NULL,
  `fg_grade` int(11) DEFAULT NULL,
  `total_midterms_grade` decimal(5,2) DEFAULT NULL,
  `tentative_midterms_grade` int(11) DEFAULT NULL,
  `midterms_grade` int(11) DEFAULT NULL,
  `total_finals_grade` decimal(5,2) DEFAULT NULL,
  `tentative_finals_grade` int(11) DEFAULT NULL,
  `finals_grade` int(11) DEFAULT NULL,
  `published` tinyint(1) NOT NULL DEFAULT 0,
  `published_midterms` tinyint(1) DEFAULT 0,
  `published_finals` tinyint(1) DEFAULT 0,
  `status` varchar(255) DEFAULT NULL,
  `midterms_status` varchar(255) DEFAULT NULL,
  `finals_status` varchar(255) DEFAULT NULL,
  `created_at` timestamp NULL DEFAULT NULL,
  `updated_at` timestamp NULL DEFAULT NULL
) ENGINE=InnoDB DEFAULT CHARSET=utf8mb4 COLLATE=utf8mb4_unicode_ci;

--
-- Dumping data for table `grades`
--

INSERT INTO `grades` (`id`, `enrolled_student_id`, `assessment_id`, `points`, `total_fg_grade`, `tentative_fg_grade`, `fg_grade`, `total_midterms_grade`, `tentative_midterms_grade`, `midterms_grade`, `total_finals_grade`, `tentative_finals_grade`, `finals_grade`, `published`, `published_midterms`, `published_finals`, `status`, `midterms_status`, `finals_status`, `created_at`, `updated_at`) VALUES
(1, 93, 1, '6', NULL, NULL, NULL, NULL, NULL, NULL, NULL, NULL, NULL, 0, 0, 0, NULL, NULL, NULL, '2024-04-22 22:23:43', '2024-04-22 22:23:43'),
(2, 93, NULL, NULL, 87.00, NULL, 73, NULL, NULL, NULL, NULL, NULL, NULL, 0, 0, 0, NULL, NULL, NULL, '2024-04-22 22:24:11', '2024-04-22 22:25:13'),
(3, 93, 2, '57', NULL, NULL, NULL, NULL, NULL, NULL, NULL, NULL, NULL, 0, 0, 0, NULL, NULL, NULL, '2024-04-22 22:24:11', '2024-04-22 22:24:11'),
(4, 94, 1, NULL, NULL, NULL, NULL, NULL, NULL, NULL, NULL, NULL, NULL, 0, 0, 0, NULL, NULL, NULL, '2024-04-22 22:24:12', '2024-04-22 22:24:12'),
(5, 94, NULL, NULL, 0.00, NULL, 65, NULL, NULL, NULL, NULL, NULL, NULL, 0, 0, 0, NULL, NULL, NULL, '2024-04-22 22:24:12', '2024-04-22 22:25:13'),
(6, 94, 2, NULL, NULL, NULL, NULL, NULL, NULL, NULL, NULL, NULL, NULL, 0, 0, 0, NULL, NULL, NULL, '2024-04-22 22:24:12', '2024-04-22 22:24:12'),
(7, 95, 1, NULL, NULL, NULL, NULL, NULL, NULL, NULL, NULL, NULL, NULL, 0, 0, 0, NULL, NULL, NULL, '2024-04-22 22:24:12', '2024-04-22 22:24:12'),
(8, 95, NULL, NULL, 0.00, NULL, 65, NULL, NULL, NULL, NULL, NULL, NULL, 0, 0, 0, NULL, NULL, NULL, '2024-04-22 22:24:12', '2024-04-22 22:25:13'),
(9, 95, 2, NULL, NULL, NULL, NULL, NULL, NULL, NULL, NULL, NULL, NULL, 0, 0, 0, NULL, NULL, NULL, '2024-04-22 22:24:12', '2024-04-22 22:24:12'),
(10, 96, 1, NULL, NULL, NULL, NULL, NULL, NULL, NULL, NULL, NULL, NULL, 0, 0, 0, NULL, NULL, NULL, '2024-04-22 22:24:12', '2024-04-22 22:24:12'),
(11, 96, NULL, NULL, 0.00, NULL, 65, NULL, NULL, NULL, NULL, NULL, NULL, 0, 0, 0, NULL, NULL, NULL, '2024-04-22 22:24:12', '2024-04-22 22:25:13'),
(12, 96, 2, NULL, NULL, NULL, NULL, NULL, NULL, NULL, NULL, NULL, NULL, 0, 0, 0, NULL, NULL, NULL, '2024-04-22 22:24:12', '2024-04-22 22:24:12'),
(13, 97, 1, NULL, NULL, NULL, NULL, NULL, NULL, NULL, NULL, NULL, NULL, 0, 0, 0, NULL, NULL, NULL, '2024-04-22 22:24:13', '2024-04-22 22:24:13'),
(14, 97, NULL, NULL, 0.00, NULL, 65, NULL, NULL, NULL, NULL, NULL, NULL, 0, 0, 0, NULL, NULL, NULL, '2024-04-22 22:24:13', '2024-04-22 22:25:13'),
(15, 97, 2, NULL, NULL, NULL, NULL, NULL, NULL, NULL, NULL, NULL, NULL, 0, 0, 0, NULL, NULL, NULL, '2024-04-22 22:24:13', '2024-04-22 22:24:13'),
(16, 98, 1, NULL, NULL, NULL, NULL, NULL, NULL, NULL, NULL, NULL, NULL, 0, 0, 0, NULL, NULL, NULL, '2024-04-22 22:24:13', '2024-04-22 22:24:13'),
(17, 98, NULL, NULL, 0.00, NULL, 65, NULL, NULL, NULL, NULL, NULL, NULL, 0, 0, 0, NULL, NULL, NULL, '2024-04-22 22:24:13', '2024-04-22 22:25:13'),
(18, 98, 2, NULL, NULL, NULL, NULL, NULL, NULL, NULL, NULL, NULL, NULL, 0, 0, 0, NULL, NULL, NULL, '2024-04-22 22:24:13', '2024-04-22 22:24:13'),
(19, 99, 1, NULL, NULL, NULL, NULL, NULL, NULL, NULL, NULL, NULL, NULL, 0, 0, 0, NULL, NULL, NULL, '2024-04-22 22:24:13', '2024-04-22 22:24:13'),
(20, 99, NULL, NULL, 0.00, NULL, 65, NULL, NULL, NULL, NULL, NULL, NULL, 0, 0, 0, NULL, NULL, NULL, '2024-04-22 22:24:14', '2024-04-22 22:25:14'),
(21, 99, 2, NULL, NULL, NULL, NULL, NULL, NULL, NULL, NULL, NULL, NULL, 0, 0, 0, NULL, NULL, NULL, '2024-04-22 22:24:14', '2024-04-22 22:24:14'),
(22, 93, 3, '24', NULL, NULL, NULL, NULL, NULL, NULL, NULL, NULL, NULL, 0, 0, 0, NULL, NULL, NULL, '2024-04-22 22:25:13', '2024-04-22 22:25:13'),
(23, 94, 3, NULL, NULL, NULL, NULL, NULL, NULL, NULL, NULL, NULL, NULL, 0, 0, 0, NULL, NULL, NULL, '2024-04-22 22:25:13', '2024-04-22 22:25:13'),
(24, 95, 3, NULL, NULL, NULL, NULL, NULL, NULL, NULL, NULL, NULL, NULL, 0, 0, 0, NULL, NULL, NULL, '2024-04-22 22:25:13', '2024-04-22 22:25:13'),
(25, 96, 3, NULL, NULL, NULL, NULL, NULL, NULL, NULL, NULL, NULL, NULL, 0, 0, 0, NULL, NULL, NULL, '2024-04-22 22:25:13', '2024-04-22 22:25:13'),
(26, 97, 3, NULL, NULL, NULL, NULL, NULL, NULL, NULL, NULL, NULL, NULL, 0, 0, 0, NULL, NULL, NULL, '2024-04-22 22:25:13', '2024-04-22 22:25:13'),
(27, 98, 3, NULL, NULL, NULL, NULL, NULL, NULL, NULL, NULL, NULL, NULL, 0, 0, 0, NULL, NULL, NULL, '2024-04-22 22:25:13', '2024-04-22 22:25:13'),
(28, 99, 3, NULL, NULL, NULL, NULL, NULL, NULL, NULL, NULL, NULL, NULL, 0, 0, 0, NULL, NULL, NULL, '2024-04-22 22:25:14', '2024-04-22 22:25:14'),
(29, 22, 4, '6', NULL, NULL, NULL, NULL, NULL, NULL, NULL, NULL, NULL, 0, 0, 0, NULL, NULL, NULL, '2024-04-22 22:36:06', '2024-04-22 22:36:06'),
(30, 22, NULL, NULL, 69.20, 69, 74, 76.27, 80, 78, 85.20, 87, 84, 0, 0, 0, NULL, NULL, NULL, '2024-04-22 22:36:06', '2024-04-22 23:22:28'),
(31, 22, 5, '7', NULL, NULL, NULL, NULL, NULL, NULL, NULL, NULL, NULL, 0, 0, 0, NULL, NULL, NULL, '2024-04-22 22:36:06', '2024-04-22 22:36:06'),
(32, 22, 6, '78', NULL, NULL, NULL, NULL, NULL, NULL, NULL, NULL, NULL, 0, 0, 0, NULL, NULL, NULL, '2024-04-22 22:36:06', '2024-04-22 22:36:06'),
(33, 23, 4, NULL, NULL, NULL, NULL, NULL, NULL, NULL, NULL, NULL, NULL, 0, 0, 0, NULL, NULL, NULL, '2024-04-22 22:36:06', '2024-04-22 22:36:06'),
(34, 23, NULL, NULL, 0.00, 0, 65, 0.00, 65, 65, 0.00, 65, 70, 0, 0, 0, NULL, NULL, NULL, '2024-04-22 22:36:07', '2024-04-22 23:22:29'),
(35, 23, 5, NULL, NULL, NULL, NULL, NULL, NULL, NULL, NULL, NULL, NULL, 0, 0, 0, NULL, NULL, NULL, '2024-04-22 22:36:07', '2024-04-22 22:36:07'),
(36, 23, 6, NULL, NULL, NULL, NULL, NULL, NULL, NULL, NULL, NULL, NULL, 0, 0, 0, NULL, NULL, NULL, '2024-04-22 22:36:07', '2024-04-22 22:36:07'),
(37, 24, 4, NULL, NULL, NULL, NULL, NULL, NULL, NULL, NULL, NULL, NULL, 0, 0, 0, NULL, NULL, NULL, '2024-04-22 22:36:07', '2024-04-22 22:36:07'),
(38, 24, NULL, NULL, 0.00, 0, 65, 0.00, 65, 65, 0.00, 65, 70, 0, 0, 0, NULL, NULL, NULL, '2024-04-22 22:36:07', '2024-04-22 23:22:29'),
(39, 24, 5, NULL, NULL, NULL, NULL, NULL, NULL, NULL, NULL, NULL, NULL, 0, 0, 0, NULL, NULL, NULL, '2024-04-22 22:36:07', '2024-04-22 22:36:07'),
(40, 24, 6, NULL, NULL, NULL, NULL, NULL, NULL, NULL, NULL, NULL, NULL, 0, 0, 0, NULL, NULL, NULL, '2024-04-22 22:36:07', '2024-04-22 22:36:07'),
(41, 25, 4, NULL, NULL, NULL, NULL, NULL, NULL, NULL, NULL, NULL, NULL, 0, 0, 0, NULL, NULL, NULL, '2024-04-22 22:36:07', '2024-04-22 22:36:07'),
(42, 25, NULL, NULL, 0.00, 0, 65, 0.00, 65, 65, 0.00, 65, 70, 0, 0, 0, NULL, NULL, NULL, '2024-04-22 22:36:07', '2024-04-22 23:22:30'),
(43, 25, 5, NULL, NULL, NULL, NULL, NULL, NULL, NULL, NULL, NULL, NULL, 0, 0, 0, NULL, NULL, NULL, '2024-04-22 22:36:07', '2024-04-22 22:36:07'),
(44, 25, 6, NULL, NULL, NULL, NULL, NULL, NULL, NULL, NULL, NULL, NULL, 0, 0, 0, NULL, NULL, NULL, '2024-04-22 22:36:07', '2024-04-22 22:36:07'),
(45, 26, 4, NULL, NULL, NULL, NULL, NULL, NULL, NULL, NULL, NULL, NULL, 0, 0, 0, NULL, NULL, NULL, '2024-04-22 22:36:07', '2024-04-22 22:36:07'),
(46, 26, NULL, NULL, 0.00, 0, 65, 0.00, 65, 65, 0.00, 65, 70, 0, 0, 0, NULL, NULL, NULL, '2024-04-22 22:36:07', '2024-04-22 23:22:30'),
(47, 26, 5, NULL, NULL, NULL, NULL, NULL, NULL, NULL, NULL, NULL, NULL, 0, 0, 0, NULL, NULL, NULL, '2024-04-22 22:36:07', '2024-04-22 22:36:07'),
(48, 26, 6, NULL, NULL, NULL, NULL, NULL, NULL, NULL, NULL, NULL, NULL, 0, 0, 0, NULL, NULL, NULL, '2024-04-22 22:36:07', '2024-04-22 22:36:07'),
(49, 27, 4, NULL, NULL, NULL, NULL, NULL, NULL, NULL, NULL, NULL, NULL, 0, 0, 0, NULL, NULL, NULL, '2024-04-22 22:36:08', '2024-04-22 22:36:08'),
(50, 27, NULL, NULL, 0.00, 0, 65, 0.00, 65, 65, 0.00, 65, 70, 0, 0, 0, NULL, NULL, NULL, '2024-04-22 22:36:08', '2024-04-22 23:22:31'),
(51, 27, 5, NULL, NULL, NULL, NULL, NULL, NULL, NULL, NULL, NULL, NULL, 0, 0, 0, NULL, NULL, NULL, '2024-04-22 22:36:08', '2024-04-22 22:36:08'),
(52, 27, 6, NULL, NULL, NULL, NULL, NULL, NULL, NULL, NULL, NULL, NULL, 0, 0, 0, NULL, NULL, NULL, '2024-04-22 22:36:08', '2024-04-22 22:36:08'),
(53, 28, 4, NULL, NULL, NULL, NULL, NULL, NULL, NULL, NULL, NULL, NULL, 0, 0, 0, NULL, NULL, NULL, '2024-04-22 22:36:08', '2024-04-22 22:36:08'),
(54, 28, NULL, NULL, 0.00, 0, 65, 0.00, 65, 65, 0.00, 65, 70, 0, 0, 0, NULL, NULL, NULL, '2024-04-22 22:36:08', '2024-04-22 23:22:31'),
(55, 28, 5, NULL, NULL, NULL, NULL, NULL, NULL, NULL, NULL, NULL, NULL, 0, 0, 0, NULL, NULL, NULL, '2024-04-22 22:36:08', '2024-04-22 22:36:08'),
(56, 28, 6, NULL, NULL, NULL, NULL, NULL, NULL, NULL, NULL, NULL, NULL, 0, 0, 0, NULL, NULL, NULL, '2024-04-22 22:36:08', '2024-04-22 22:36:08'),
(57, 29, 4, NULL, NULL, NULL, NULL, NULL, NULL, NULL, NULL, NULL, NULL, 0, 0, 0, NULL, NULL, NULL, '2024-04-22 22:36:09', '2024-04-22 22:36:09'),
(58, 29, NULL, NULL, 0.00, 0, 65, 0.00, 65, 65, 0.00, 65, 70, 0, 0, 0, NULL, NULL, NULL, '2024-04-22 22:36:09', '2024-04-22 23:22:31'),
(59, 29, 5, NULL, NULL, NULL, NULL, NULL, NULL, NULL, NULL, NULL, NULL, 0, 0, 0, NULL, NULL, NULL, '2024-04-22 22:36:09', '2024-04-22 22:36:09'),
(60, 29, 6, NULL, NULL, NULL, NULL, NULL, NULL, NULL, NULL, NULL, NULL, 0, 0, 0, NULL, NULL, NULL, '2024-04-22 22:36:09', '2024-04-22 22:36:09'),
(61, 30, 4, NULL, NULL, NULL, NULL, NULL, NULL, NULL, NULL, NULL, NULL, 0, 0, 0, NULL, NULL, NULL, '2024-04-22 22:36:09', '2024-04-22 22:36:09'),
(62, 30, NULL, NULL, 0.00, 0, 65, 0.00, 65, 65, 0.00, 65, 70, 0, 0, 0, NULL, NULL, NULL, '2024-04-22 22:36:09', '2024-04-22 23:22:32'),
(63, 30, 5, NULL, NULL, NULL, NULL, NULL, NULL, NULL, NULL, NULL, NULL, 0, 0, 0, NULL, NULL, NULL, '2024-04-22 22:36:09', '2024-04-22 22:36:09'),
(64, 30, 6, NULL, NULL, NULL, NULL, NULL, NULL, NULL, NULL, NULL, NULL, 0, 0, 0, NULL, NULL, NULL, '2024-04-22 22:36:09', '2024-04-22 22:36:09'),
(65, 31, 4, NULL, NULL, NULL, NULL, NULL, NULL, NULL, NULL, NULL, NULL, 0, 0, 0, NULL, NULL, NULL, '2024-04-22 22:36:09', '2024-04-22 22:36:09'),
(66, 31, NULL, NULL, 0.00, 0, 65, 0.00, 65, 65, 0.00, 65, 70, 0, 0, 0, NULL, NULL, NULL, '2024-04-22 22:36:09', '2024-04-22 23:22:32'),
(67, 31, 5, NULL, NULL, NULL, NULL, NULL, NULL, NULL, NULL, NULL, NULL, 0, 0, 0, NULL, NULL, NULL, '2024-04-22 22:36:09', '2024-04-22 22:36:09'),
(68, 31, 6, NULL, NULL, NULL, NULL, NULL, NULL, NULL, NULL, NULL, NULL, 0, 0, 0, NULL, NULL, NULL, '2024-04-22 22:36:09', '2024-04-22 22:36:09'),
(69, 32, 4, NULL, NULL, NULL, NULL, NULL, NULL, NULL, NULL, NULL, NULL, 0, 0, 0, NULL, NULL, NULL, '2024-04-22 22:36:09', '2024-04-22 22:36:09'),
(70, 32, NULL, NULL, 0.00, 0, 65, 0.00, 65, 65, 0.00, 65, 70, 0, 0, 0, NULL, NULL, NULL, '2024-04-22 22:36:09', '2024-04-22 23:22:33'),
(71, 32, 5, NULL, NULL, NULL, NULL, NULL, NULL, NULL, NULL, NULL, NULL, 0, 0, 0, NULL, NULL, NULL, '2024-04-22 22:36:09', '2024-04-22 22:36:09'),
(72, 32, 6, NULL, NULL, NULL, NULL, NULL, NULL, NULL, NULL, NULL, NULL, 0, 0, 0, NULL, NULL, NULL, '2024-04-22 22:36:09', '2024-04-22 22:36:09'),
(73, 33, 4, NULL, NULL, NULL, NULL, NULL, NULL, NULL, NULL, NULL, NULL, 0, 0, 0, NULL, NULL, NULL, '2024-04-22 22:36:10', '2024-04-22 22:36:10'),
(74, 33, NULL, NULL, 0.00, 0, 65, 0.00, 65, 65, 0.00, 65, 70, 0, 0, 0, NULL, NULL, NULL, '2024-04-22 22:36:10', '2024-04-22 23:22:33'),
(75, 33, 5, NULL, NULL, NULL, NULL, NULL, NULL, NULL, NULL, NULL, NULL, 0, 0, 0, NULL, NULL, NULL, '2024-04-22 22:36:10', '2024-04-22 22:36:10'),
(76, 33, 6, NULL, NULL, NULL, NULL, NULL, NULL, NULL, NULL, NULL, NULL, 0, 0, 0, NULL, NULL, NULL, '2024-04-22 22:36:10', '2024-04-22 22:36:10'),
(77, 34, 4, NULL, NULL, NULL, NULL, NULL, NULL, NULL, NULL, NULL, NULL, 0, 0, 0, NULL, NULL, NULL, '2024-04-22 22:36:10', '2024-04-22 22:36:10'),
(78, 34, NULL, NULL, 0.00, 0, 65, 0.00, 65, 65, 0.00, 65, 70, 0, 0, 0, NULL, NULL, NULL, '2024-04-22 22:36:10', '2024-04-22 23:22:34'),
(79, 34, 5, NULL, NULL, NULL, NULL, NULL, NULL, NULL, NULL, NULL, NULL, 0, 0, 0, NULL, NULL, NULL, '2024-04-22 22:36:10', '2024-04-22 22:36:10'),
(80, 34, 6, NULL, NULL, NULL, NULL, NULL, NULL, NULL, NULL, NULL, NULL, 0, 0, 0, NULL, NULL, NULL, '2024-04-22 22:36:10', '2024-04-22 22:36:10'),
(81, 35, 4, NULL, NULL, NULL, NULL, NULL, NULL, NULL, NULL, NULL, NULL, 0, 0, 0, NULL, NULL, NULL, '2024-04-22 22:36:10', '2024-04-22 22:36:10'),
(82, 35, NULL, NULL, 0.00, 0, 65, 0.00, 65, 65, 0.00, 65, 70, 0, 0, 0, NULL, NULL, NULL, '2024-04-22 22:36:10', '2024-04-22 23:22:34'),
(83, 35, 5, NULL, NULL, NULL, NULL, NULL, NULL, NULL, NULL, NULL, NULL, 0, 0, 0, NULL, NULL, NULL, '2024-04-22 22:36:10', '2024-04-22 22:36:10'),
(84, 35, 6, NULL, NULL, NULL, NULL, NULL, NULL, NULL, NULL, NULL, NULL, 0, 0, 0, NULL, NULL, NULL, '2024-04-22 22:36:10', '2024-04-22 22:36:10'),
(85, 36, 4, NULL, NULL, NULL, NULL, NULL, NULL, NULL, NULL, NULL, NULL, 0, 0, 0, NULL, NULL, NULL, '2024-04-22 22:36:10', '2024-04-22 22:36:10'),
(86, 36, NULL, NULL, 0.00, 0, 65, 0.00, 65, 65, 0.00, 65, 70, 0, 0, 0, NULL, NULL, NULL, '2024-04-22 22:36:10', '2024-04-22 23:22:34'),
(87, 36, 5, NULL, NULL, NULL, NULL, NULL, NULL, NULL, NULL, NULL, NULL, 0, 0, 0, NULL, NULL, NULL, '2024-04-22 22:36:10', '2024-04-22 22:36:10'),
(88, 36, 6, NULL, NULL, NULL, NULL, NULL, NULL, NULL, NULL, NULL, NULL, 0, 0, 0, NULL, NULL, NULL, '2024-04-22 22:36:11', '2024-04-22 22:36:11'),
(89, 37, 4, NULL, NULL, NULL, NULL, NULL, NULL, NULL, NULL, NULL, NULL, 0, 0, 0, NULL, NULL, NULL, '2024-04-22 22:36:11', '2024-04-22 22:36:11'),
(90, 37, NULL, NULL, 0.00, 0, 65, 0.00, 65, 65, 0.00, 65, 70, 0, 0, 0, NULL, NULL, NULL, '2024-04-22 22:36:11', '2024-04-22 23:22:35'),
(91, 37, 5, NULL, NULL, NULL, NULL, NULL, NULL, NULL, NULL, NULL, NULL, 0, 0, 0, NULL, NULL, NULL, '2024-04-22 22:36:11', '2024-04-22 22:36:11'),
(92, 37, 6, NULL, NULL, NULL, NULL, NULL, NULL, NULL, NULL, NULL, NULL, 0, 0, 0, NULL, NULL, NULL, '2024-04-22 22:36:11', '2024-04-22 22:36:11'),
(93, 38, 4, NULL, NULL, NULL, NULL, NULL, NULL, NULL, NULL, NULL, NULL, 0, 0, 0, NULL, NULL, NULL, '2024-04-22 22:36:11', '2024-04-22 22:36:11'),
(94, 38, NULL, NULL, 0.00, 0, 65, 0.00, 65, 65, 0.00, 65, 70, 0, 0, 0, NULL, NULL, NULL, '2024-04-22 22:36:11', '2024-04-22 23:22:35'),
(95, 38, 5, NULL, NULL, NULL, NULL, NULL, NULL, NULL, NULL, NULL, NULL, 0, 0, 0, NULL, NULL, NULL, '2024-04-22 22:36:11', '2024-04-22 22:36:11'),
(96, 38, 6, NULL, NULL, NULL, NULL, NULL, NULL, NULL, NULL, NULL, NULL, 0, 0, 0, NULL, NULL, NULL, '2024-04-22 22:36:11', '2024-04-22 22:36:11'),
(97, 39, 4, NULL, NULL, NULL, NULL, NULL, NULL, NULL, NULL, NULL, NULL, 0, 0, 0, NULL, NULL, NULL, '2024-04-22 22:36:11', '2024-04-22 22:36:11'),
(98, 39, NULL, NULL, 0.00, 0, 65, 0.00, 65, 65, 0.00, 65, 70, 0, 0, 0, NULL, NULL, NULL, '2024-04-22 22:36:11', '2024-04-22 23:22:36'),
(99, 39, 5, NULL, NULL, NULL, NULL, NULL, NULL, NULL, NULL, NULL, NULL, 0, 0, 0, NULL, NULL, NULL, '2024-04-22 22:36:11', '2024-04-22 22:36:11'),
(100, 39, 6, NULL, NULL, NULL, NULL, NULL, NULL, NULL, NULL, NULL, NULL, 0, 0, 0, NULL, NULL, NULL, '2024-04-22 22:36:11', '2024-04-22 22:36:11'),
(101, 40, 4, NULL, NULL, NULL, NULL, NULL, NULL, NULL, NULL, NULL, NULL, 0, 0, 0, NULL, NULL, NULL, '2024-04-22 22:36:11', '2024-04-22 22:36:11'),
(102, 40, NULL, NULL, 0.00, 0, 65, 0.00, 65, 65, 0.00, 65, 70, 0, 0, 0, NULL, NULL, NULL, '2024-04-22 22:36:11', '2024-04-22 23:22:36'),
(103, 40, 5, NULL, NULL, NULL, NULL, NULL, NULL, NULL, NULL, NULL, NULL, 0, 0, 0, NULL, NULL, NULL, '2024-04-22 22:36:11', '2024-04-22 22:36:11'),
(104, 40, 6, NULL, NULL, NULL, NULL, NULL, NULL, NULL, NULL, NULL, NULL, 0, 0, 0, NULL, NULL, NULL, '2024-04-22 22:36:11', '2024-04-22 22:36:11'),
(105, 41, 4, NULL, NULL, NULL, NULL, NULL, NULL, NULL, NULL, NULL, NULL, 0, 0, 0, NULL, NULL, NULL, '2024-04-22 22:36:12', '2024-04-22 22:36:12'),
(106, 41, NULL, NULL, 0.00, 0, 65, 0.00, 65, 65, 0.00, 65, 70, 0, 0, 0, NULL, NULL, NULL, '2024-04-22 22:36:12', '2024-04-22 23:22:37'),
(107, 41, 5, NULL, NULL, NULL, NULL, NULL, NULL, NULL, NULL, NULL, NULL, 0, 0, 0, NULL, NULL, NULL, '2024-04-22 22:36:12', '2024-04-22 22:36:12'),
(108, 41, 6, NULL, NULL, NULL, NULL, NULL, NULL, NULL, NULL, NULL, NULL, 0, 0, 0, NULL, NULL, NULL, '2024-04-22 22:36:12', '2024-04-22 22:36:12'),
(109, 42, 4, NULL, NULL, NULL, NULL, NULL, NULL, NULL, NULL, NULL, NULL, 0, 0, 0, NULL, NULL, NULL, '2024-04-22 22:36:12', '2024-04-22 22:36:12'),
(110, 42, NULL, NULL, 0.00, 0, 65, 0.00, 65, 65, 0.00, 65, 70, 0, 0, 0, NULL, NULL, NULL, '2024-04-22 22:36:12', '2024-04-22 23:22:37'),
(111, 42, 5, NULL, NULL, NULL, NULL, NULL, NULL, NULL, NULL, NULL, NULL, 0, 0, 0, NULL, NULL, NULL, '2024-04-22 22:36:12', '2024-04-22 22:36:12'),
(112, 42, 6, NULL, NULL, NULL, NULL, NULL, NULL, NULL, NULL, NULL, NULL, 0, 0, 0, NULL, NULL, NULL, '2024-04-22 22:36:12', '2024-04-22 22:36:12'),
(113, 22, 7, '10', NULL, NULL, NULL, NULL, NULL, NULL, NULL, NULL, NULL, 0, 0, 0, NULL, NULL, NULL, '2024-04-22 22:40:18', '2024-04-22 22:40:18'),
(114, 22, 8, '7', NULL, NULL, NULL, NULL, NULL, NULL, NULL, NULL, NULL, 0, 0, 0, NULL, NULL, NULL, '2024-04-22 22:40:18', '2024-04-22 22:40:18'),
(115, 22, 9, '89', NULL, NULL, NULL, NULL, NULL, NULL, NULL, NULL, NULL, 0, 0, 0, NULL, NULL, NULL, '2024-04-22 22:40:18', '2024-04-22 22:40:18'),
(116, 23, 7, NULL, NULL, NULL, NULL, NULL, NULL, NULL, NULL, NULL, NULL, 0, 0, 0, NULL, NULL, NULL, '2024-04-22 22:40:18', '2024-04-22 22:40:18'),
(117, 23, 8, NULL, NULL, NULL, NULL, NULL, NULL, NULL, NULL, NULL, NULL, 0, 0, 0, NULL, NULL, NULL, '2024-04-22 22:40:18', '2024-04-22 22:40:18'),
(118, 23, 9, NULL, NULL, NULL, NULL, NULL, NULL, NULL, NULL, NULL, NULL, 0, 0, 0, NULL, NULL, NULL, '2024-04-22 22:40:18', '2024-04-22 22:40:18'),
(119, 24, 7, NULL, NULL, NULL, NULL, NULL, NULL, NULL, NULL, NULL, NULL, 0, 0, 0, NULL, NULL, NULL, '2024-04-22 22:40:18', '2024-04-22 22:40:18'),
(120, 24, 8, NULL, NULL, NULL, NULL, NULL, NULL, NULL, NULL, NULL, NULL, 0, 0, 0, NULL, NULL, NULL, '2024-04-22 22:40:18', '2024-04-22 22:40:18'),
(121, 24, 9, NULL, NULL, NULL, NULL, NULL, NULL, NULL, NULL, NULL, NULL, 0, 0, 0, NULL, NULL, NULL, '2024-04-22 22:40:18', '2024-04-22 22:40:18'),
(122, 25, 7, NULL, NULL, NULL, NULL, NULL, NULL, NULL, NULL, NULL, NULL, 0, 0, 0, NULL, NULL, NULL, '2024-04-22 22:40:19', '2024-04-22 22:40:19'),
(123, 25, 8, NULL, NULL, NULL, NULL, NULL, NULL, NULL, NULL, NULL, NULL, 0, 0, 0, NULL, NULL, NULL, '2024-04-22 22:40:19', '2024-04-22 22:40:19'),
(124, 25, 9, NULL, NULL, NULL, NULL, NULL, NULL, NULL, NULL, NULL, NULL, 0, 0, 0, NULL, NULL, NULL, '2024-04-22 22:40:19', '2024-04-22 22:40:19'),
(125, 26, 7, NULL, NULL, NULL, NULL, NULL, NULL, NULL, NULL, NULL, NULL, 0, 0, 0, NULL, NULL, NULL, '2024-04-22 22:40:19', '2024-04-22 22:40:19'),
(126, 26, 8, NULL, NULL, NULL, NULL, NULL, NULL, NULL, NULL, NULL, NULL, 0, 0, 0, NULL, NULL, NULL, '2024-04-22 22:40:19', '2024-04-22 22:40:19'),
(127, 26, 9, NULL, NULL, NULL, NULL, NULL, NULL, NULL, NULL, NULL, NULL, 0, 0, 0, NULL, NULL, NULL, '2024-04-22 22:40:19', '2024-04-22 22:40:19'),
(128, 27, 7, NULL, NULL, NULL, NULL, NULL, NULL, NULL, NULL, NULL, NULL, 0, 0, 0, NULL, NULL, NULL, '2024-04-22 22:40:19', '2024-04-22 22:40:19'),
(129, 27, 8, NULL, NULL, NULL, NULL, NULL, NULL, NULL, NULL, NULL, NULL, 0, 0, 0, NULL, NULL, NULL, '2024-04-22 22:40:19', '2024-04-22 22:40:19'),
(130, 27, 9, NULL, NULL, NULL, NULL, NULL, NULL, NULL, NULL, NULL, NULL, 0, 0, 0, NULL, NULL, NULL, '2024-04-22 22:40:19', '2024-04-22 22:40:19'),
(131, 28, 7, NULL, NULL, NULL, NULL, NULL, NULL, NULL, NULL, NULL, NULL, 0, 0, 0, NULL, NULL, NULL, '2024-04-22 22:40:20', '2024-04-22 22:40:20'),
(132, 28, 8, NULL, NULL, NULL, NULL, NULL, NULL, NULL, NULL, NULL, NULL, 0, 0, 0, NULL, NULL, NULL, '2024-04-22 22:40:20', '2024-04-22 22:40:20'),
(133, 28, 9, NULL, NULL, NULL, NULL, NULL, NULL, NULL, NULL, NULL, NULL, 0, 0, 0, NULL, NULL, NULL, '2024-04-22 22:40:20', '2024-04-22 22:40:20'),
(134, 29, 7, NULL, NULL, NULL, NULL, NULL, NULL, NULL, NULL, NULL, NULL, 0, 0, 0, NULL, NULL, NULL, '2024-04-22 22:40:20', '2024-04-22 22:40:20'),
(135, 29, 8, NULL, NULL, NULL, NULL, NULL, NULL, NULL, NULL, NULL, NULL, 0, 0, 0, NULL, NULL, NULL, '2024-04-22 22:40:20', '2024-04-22 22:40:20'),
(136, 29, 9, NULL, NULL, NULL, NULL, NULL, NULL, NULL, NULL, NULL, NULL, 0, 0, 0, NULL, NULL, NULL, '2024-04-22 22:40:20', '2024-04-22 22:40:20'),
(137, 30, 7, NULL, NULL, NULL, NULL, NULL, NULL, NULL, NULL, NULL, NULL, 0, 0, 0, NULL, NULL, NULL, '2024-04-22 22:40:21', '2024-04-22 22:40:21'),
(138, 30, 8, NULL, NULL, NULL, NULL, NULL, NULL, NULL, NULL, NULL, NULL, 0, 0, 0, NULL, NULL, NULL, '2024-04-22 22:40:21', '2024-04-22 22:40:21'),
(139, 30, 9, NULL, NULL, NULL, NULL, NULL, NULL, NULL, NULL, NULL, NULL, 0, 0, 0, NULL, NULL, NULL, '2024-04-22 22:40:21', '2024-04-22 22:40:21'),
(140, 31, 7, NULL, NULL, NULL, NULL, NULL, NULL, NULL, NULL, NULL, NULL, 0, 0, 0, NULL, NULL, NULL, '2024-04-22 22:40:21', '2024-04-22 22:40:21'),
(141, 31, 8, NULL, NULL, NULL, NULL, NULL, NULL, NULL, NULL, NULL, NULL, 0, 0, 0, NULL, NULL, NULL, '2024-04-22 22:40:21', '2024-04-22 22:40:21'),
(142, 31, 9, NULL, NULL, NULL, NULL, NULL, NULL, NULL, NULL, NULL, NULL, 0, 0, 0, NULL, NULL, NULL, '2024-04-22 22:40:21', '2024-04-22 22:40:21'),
(143, 32, 7, NULL, NULL, NULL, NULL, NULL, NULL, NULL, NULL, NULL, NULL, 0, 0, 0, NULL, NULL, NULL, '2024-04-22 22:40:21', '2024-04-22 22:40:21'),
(144, 32, 8, NULL, NULL, NULL, NULL, NULL, NULL, NULL, NULL, NULL, NULL, 0, 0, 0, NULL, NULL, NULL, '2024-04-22 22:40:21', '2024-04-22 22:40:21'),
(145, 32, 9, NULL, NULL, NULL, NULL, NULL, NULL, NULL, NULL, NULL, NULL, 0, 0, 0, NULL, NULL, NULL, '2024-04-22 22:40:21', '2024-04-22 22:40:21'),
(146, 33, 7, NULL, NULL, NULL, NULL, NULL, NULL, NULL, NULL, NULL, NULL, 0, 0, 0, NULL, NULL, NULL, '2024-04-22 22:40:22', '2024-04-22 22:40:22'),
(147, 33, 8, NULL, NULL, NULL, NULL, NULL, NULL, NULL, NULL, NULL, NULL, 0, 0, 0, NULL, NULL, NULL, '2024-04-22 22:40:22', '2024-04-22 22:40:22'),
(148, 33, 9, NULL, NULL, NULL, NULL, NULL, NULL, NULL, NULL, NULL, NULL, 0, 0, 0, NULL, NULL, NULL, '2024-04-22 22:40:22', '2024-04-22 22:40:22'),
(149, 34, 7, NULL, NULL, NULL, NULL, NULL, NULL, NULL, NULL, NULL, NULL, 0, 0, 0, NULL, NULL, NULL, '2024-04-22 22:40:22', '2024-04-22 22:40:22'),
(150, 34, 8, NULL, NULL, NULL, NULL, NULL, NULL, NULL, NULL, NULL, NULL, 0, 0, 0, NULL, NULL, NULL, '2024-04-22 22:40:22', '2024-04-22 22:40:22'),
(151, 34, 9, NULL, NULL, NULL, NULL, NULL, NULL, NULL, NULL, NULL, NULL, 0, 0, 0, NULL, NULL, NULL, '2024-04-22 22:40:22', '2024-04-22 22:40:22'),
(152, 35, 7, NULL, NULL, NULL, NULL, NULL, NULL, NULL, NULL, NULL, NULL, 0, 0, 0, NULL, NULL, NULL, '2024-04-22 22:40:22', '2024-04-22 22:40:22'),
(153, 35, 8, NULL, NULL, NULL, NULL, NULL, NULL, NULL, NULL, NULL, NULL, 0, 0, 0, NULL, NULL, NULL, '2024-04-22 22:40:23', '2024-04-22 22:40:23'),
(154, 35, 9, NULL, NULL, NULL, NULL, NULL, NULL, NULL, NULL, NULL, NULL, 0, 0, 0, NULL, NULL, NULL, '2024-04-22 22:40:23', '2024-04-22 22:40:23'),
(155, 36, 7, NULL, NULL, NULL, NULL, NULL, NULL, NULL, NULL, NULL, NULL, 0, 0, 0, NULL, NULL, NULL, '2024-04-22 22:40:23', '2024-04-22 22:40:23'),
(156, 36, 8, NULL, NULL, NULL, NULL, NULL, NULL, NULL, NULL, NULL, NULL, 0, 0, 0, NULL, NULL, NULL, '2024-04-22 22:40:23', '2024-04-22 22:40:23'),
(157, 36, 9, NULL, NULL, NULL, NULL, NULL, NULL, NULL, NULL, NULL, NULL, 0, 0, 0, NULL, NULL, NULL, '2024-04-22 22:40:23', '2024-04-22 22:40:23'),
(158, 37, 7, NULL, NULL, NULL, NULL, NULL, NULL, NULL, NULL, NULL, NULL, 0, 0, 0, NULL, NULL, NULL, '2024-04-22 22:40:23', '2024-04-22 22:40:23'),
(159, 37, 8, NULL, NULL, NULL, NULL, NULL, NULL, NULL, NULL, NULL, NULL, 0, 0, 0, NULL, NULL, NULL, '2024-04-22 22:40:23', '2024-04-22 22:40:23'),
(160, 37, 9, NULL, NULL, NULL, NULL, NULL, NULL, NULL, NULL, NULL, NULL, 0, 0, 0, NULL, NULL, NULL, '2024-04-22 22:40:23', '2024-04-22 22:40:23'),
(161, 38, 7, NULL, NULL, NULL, NULL, NULL, NULL, NULL, NULL, NULL, NULL, 0, 0, 0, NULL, NULL, NULL, '2024-04-22 22:40:24', '2024-04-22 22:40:24'),
(162, 38, 8, NULL, NULL, NULL, NULL, NULL, NULL, NULL, NULL, NULL, NULL, 0, 0, 0, NULL, NULL, NULL, '2024-04-22 22:40:24', '2024-04-22 22:40:24'),
(163, 38, 9, NULL, NULL, NULL, NULL, NULL, NULL, NULL, NULL, NULL, NULL, 0, 0, 0, NULL, NULL, NULL, '2024-04-22 22:40:24', '2024-04-22 22:40:24'),
(164, 39, 7, NULL, NULL, NULL, NULL, NULL, NULL, NULL, NULL, NULL, NULL, 0, 0, 0, NULL, NULL, NULL, '2024-04-22 22:40:24', '2024-04-22 22:40:24'),
(165, 39, 8, NULL, NULL, NULL, NULL, NULL, NULL, NULL, NULL, NULL, NULL, 0, 0, 0, NULL, NULL, NULL, '2024-04-22 22:40:24', '2024-04-22 22:40:24'),
(166, 39, 9, NULL, NULL, NULL, NULL, NULL, NULL, NULL, NULL, NULL, NULL, 0, 0, 0, NULL, NULL, NULL, '2024-04-22 22:40:24', '2024-04-22 22:40:24'),
(167, 40, 7, NULL, NULL, NULL, NULL, NULL, NULL, NULL, NULL, NULL, NULL, 0, 0, 0, NULL, NULL, NULL, '2024-04-22 22:40:24', '2024-04-22 22:40:24'),
(168, 40, 8, NULL, NULL, NULL, NULL, NULL, NULL, NULL, NULL, NULL, NULL, 0, 0, 0, NULL, NULL, NULL, '2024-04-22 22:40:24', '2024-04-22 22:40:24'),
(169, 40, 9, NULL, NULL, NULL, NULL, NULL, NULL, NULL, NULL, NULL, NULL, 0, 0, 0, NULL, NULL, NULL, '2024-04-22 22:40:24', '2024-04-22 22:40:24'),
(170, 41, 7, NULL, NULL, NULL, NULL, NULL, NULL, NULL, NULL, NULL, NULL, 0, 0, 0, NULL, NULL, NULL, '2024-04-22 22:40:25', '2024-04-22 22:40:25'),
(171, 41, 8, NULL, NULL, NULL, NULL, NULL, NULL, NULL, NULL, NULL, NULL, 0, 0, 0, NULL, NULL, NULL, '2024-04-22 22:40:25', '2024-04-22 22:40:25'),
(172, 41, 9, NULL, NULL, NULL, NULL, NULL, NULL, NULL, NULL, NULL, NULL, 0, 0, 0, NULL, NULL, NULL, '2024-04-22 22:40:25', '2024-04-22 22:40:25'),
(173, 42, 7, NULL, NULL, NULL, NULL, NULL, NULL, NULL, NULL, NULL, NULL, 0, 0, 0, NULL, NULL, NULL, '2024-04-22 22:40:25', '2024-04-22 22:40:25'),
(174, 42, 8, NULL, NULL, NULL, NULL, NULL, NULL, NULL, NULL, NULL, NULL, 0, 0, 0, NULL, NULL, NULL, '2024-04-22 22:40:25', '2024-04-22 22:40:25'),
(175, 42, 9, NULL, NULL, NULL, NULL, NULL, NULL, NULL, NULL, NULL, NULL, 0, 0, 0, NULL, NULL, NULL, '2024-04-22 22:40:25', '2024-04-22 22:40:25'),
(176, 22, 10, '9', NULL, NULL, NULL, NULL, NULL, NULL, NULL, NULL, NULL, 0, 0, 0, NULL, NULL, NULL, '2024-04-22 23:04:14', '2024-04-22 23:04:14'),
(177, 22, 11, '9', NULL, NULL, NULL, NULL, NULL, NULL, NULL, NULL, NULL, 0, 0, 0, NULL, NULL, NULL, '2024-04-22 23:04:14', '2024-04-22 23:04:14'),
(178, 22, 12, '78', NULL, NULL, NULL, NULL, NULL, NULL, NULL, NULL, NULL, 0, 0, 0, NULL, NULL, NULL, '2024-04-22 23:04:14', '2024-04-22 23:04:14'),
(179, 23, 10, NULL, NULL, NULL, NULL, NULL, NULL, NULL, NULL, NULL, NULL, 0, 0, 0, NULL, NULL, NULL, '2024-04-22 23:04:14', '2024-04-22 23:04:14'),
(180, 23, 11, NULL, NULL, NULL, NULL, NULL, NULL, NULL, NULL, NULL, NULL, 0, 0, 0, NULL, NULL, NULL, '2024-04-22 23:04:14', '2024-04-22 23:04:14'),
(181, 23, 12, NULL, NULL, NULL, NULL, NULL, NULL, NULL, NULL, NULL, NULL, 0, 0, 0, NULL, NULL, NULL, '2024-04-22 23:04:14', '2024-04-22 23:04:14'),
(182, 24, 10, NULL, NULL, NULL, NULL, NULL, NULL, NULL, NULL, NULL, NULL, 0, 0, 0, NULL, NULL, NULL, '2024-04-22 23:04:15', '2024-04-22 23:04:15'),
(183, 24, 11, NULL, NULL, NULL, NULL, NULL, NULL, NULL, NULL, NULL, NULL, 0, 0, 0, NULL, NULL, NULL, '2024-04-22 23:04:15', '2024-04-22 23:04:15'),
(184, 24, 12, NULL, NULL, NULL, NULL, NULL, NULL, NULL, NULL, NULL, NULL, 0, 0, 0, NULL, NULL, NULL, '2024-04-22 23:04:15', '2024-04-22 23:04:15'),
(185, 25, 10, NULL, NULL, NULL, NULL, NULL, NULL, NULL, NULL, NULL, NULL, 0, 0, 0, NULL, NULL, NULL, '2024-04-22 23:04:15', '2024-04-22 23:04:15'),
(186, 25, 11, NULL, NULL, NULL, NULL, NULL, NULL, NULL, NULL, NULL, NULL, 0, 0, 0, NULL, NULL, NULL, '2024-04-22 23:04:15', '2024-04-22 23:04:15'),
(187, 25, 12, NULL, NULL, NULL, NULL, NULL, NULL, NULL, NULL, NULL, NULL, 0, 0, 0, NULL, NULL, NULL, '2024-04-22 23:04:15', '2024-04-22 23:04:15'),
(188, 26, 10, NULL, NULL, NULL, NULL, NULL, NULL, NULL, NULL, NULL, NULL, 0, 0, 0, NULL, NULL, NULL, '2024-04-22 23:04:16', '2024-04-22 23:04:16'),
(189, 26, 11, NULL, NULL, NULL, NULL, NULL, NULL, NULL, NULL, NULL, NULL, 0, 0, 0, NULL, NULL, NULL, '2024-04-22 23:04:16', '2024-04-22 23:04:16'),
(190, 26, 12, NULL, NULL, NULL, NULL, NULL, NULL, NULL, NULL, NULL, NULL, 0, 0, 0, NULL, NULL, NULL, '2024-04-22 23:04:16', '2024-04-22 23:04:16'),
(191, 27, 10, NULL, NULL, NULL, NULL, NULL, NULL, NULL, NULL, NULL, NULL, 0, 0, 0, NULL, NULL, NULL, '2024-04-22 23:04:16', '2024-04-22 23:04:16'),
(192, 27, 11, NULL, NULL, NULL, NULL, NULL, NULL, NULL, NULL, NULL, NULL, 0, 0, 0, NULL, NULL, NULL, '2024-04-22 23:04:16', '2024-04-22 23:04:16'),
(193, 27, 12, NULL, NULL, NULL, NULL, NULL, NULL, NULL, NULL, NULL, NULL, 0, 0, 0, NULL, NULL, NULL, '2024-04-22 23:04:16', '2024-04-22 23:04:16'),
(194, 28, 10, NULL, NULL, NULL, NULL, NULL, NULL, NULL, NULL, NULL, NULL, 0, 0, 0, NULL, NULL, NULL, '2024-04-22 23:04:17', '2024-04-22 23:04:17'),
(195, 28, 11, NULL, NULL, NULL, NULL, NULL, NULL, NULL, NULL, NULL, NULL, 0, 0, 0, NULL, NULL, NULL, '2024-04-22 23:04:17', '2024-04-22 23:04:17'),
(196, 28, 12, NULL, NULL, NULL, NULL, NULL, NULL, NULL, NULL, NULL, NULL, 0, 0, 0, NULL, NULL, NULL, '2024-04-22 23:04:17', '2024-04-22 23:04:17'),
(197, 29, 10, NULL, NULL, NULL, NULL, NULL, NULL, NULL, NULL, NULL, NULL, 0, 0, 0, NULL, NULL, NULL, '2024-04-22 23:04:17', '2024-04-22 23:04:17'),
(198, 29, 11, NULL, NULL, NULL, NULL, NULL, NULL, NULL, NULL, NULL, NULL, 0, 0, 0, NULL, NULL, NULL, '2024-04-22 23:04:17', '2024-04-22 23:04:17'),
(199, 29, 12, NULL, NULL, NULL, NULL, NULL, NULL, NULL, NULL, NULL, NULL, 0, 0, 0, NULL, NULL, NULL, '2024-04-22 23:04:17', '2024-04-22 23:04:17'),
(200, 30, 10, NULL, NULL, NULL, NULL, NULL, NULL, NULL, NULL, NULL, NULL, 0, 0, 0, NULL, NULL, NULL, '2024-04-22 23:04:18', '2024-04-22 23:04:18'),
(201, 30, 11, NULL, NULL, NULL, NULL, NULL, NULL, NULL, NULL, NULL, NULL, 0, 0, 0, NULL, NULL, NULL, '2024-04-22 23:04:18', '2024-04-22 23:04:18'),
(202, 30, 12, NULL, NULL, NULL, NULL, NULL, NULL, NULL, NULL, NULL, NULL, 0, 0, 0, NULL, NULL, NULL, '2024-04-22 23:04:18', '2024-04-22 23:04:18'),
(203, 31, 10, NULL, NULL, NULL, NULL, NULL, NULL, NULL, NULL, NULL, NULL, 0, 0, 0, NULL, NULL, NULL, '2024-04-22 23:04:18', '2024-04-22 23:04:18'),
(204, 31, 11, NULL, NULL, NULL, NULL, NULL, NULL, NULL, NULL, NULL, NULL, 0, 0, 0, NULL, NULL, NULL, '2024-04-22 23:04:18', '2024-04-22 23:04:18'),
(205, 31, 12, NULL, NULL, NULL, NULL, NULL, NULL, NULL, NULL, NULL, NULL, 0, 0, 0, NULL, NULL, NULL, '2024-04-22 23:04:18', '2024-04-22 23:04:18'),
(206, 32, 10, NULL, NULL, NULL, NULL, NULL, NULL, NULL, NULL, NULL, NULL, 0, 0, 0, NULL, NULL, NULL, '2024-04-22 23:04:19', '2024-04-22 23:04:19'),
(207, 32, 11, NULL, NULL, NULL, NULL, NULL, NULL, NULL, NULL, NULL, NULL, 0, 0, 0, NULL, NULL, NULL, '2024-04-22 23:04:19', '2024-04-22 23:04:19'),
(208, 32, 12, NULL, NULL, NULL, NULL, NULL, NULL, NULL, NULL, NULL, NULL, 0, 0, 0, NULL, NULL, NULL, '2024-04-22 23:04:19', '2024-04-22 23:04:19'),
(209, 33, 10, NULL, NULL, NULL, NULL, NULL, NULL, NULL, NULL, NULL, NULL, 0, 0, 0, NULL, NULL, NULL, '2024-04-22 23:04:19', '2024-04-22 23:04:19'),
(210, 33, 11, NULL, NULL, NULL, NULL, NULL, NULL, NULL, NULL, NULL, NULL, 0, 0, 0, NULL, NULL, NULL, '2024-04-22 23:04:19', '2024-04-22 23:04:19'),
(211, 33, 12, NULL, NULL, NULL, NULL, NULL, NULL, NULL, NULL, NULL, NULL, 0, 0, 0, NULL, NULL, NULL, '2024-04-22 23:04:19', '2024-04-22 23:04:19'),
(212, 34, 10, NULL, NULL, NULL, NULL, NULL, NULL, NULL, NULL, NULL, NULL, 0, 0, 0, NULL, NULL, NULL, '2024-04-22 23:04:20', '2024-04-22 23:04:20'),
(213, 34, 11, NULL, NULL, NULL, NULL, NULL, NULL, NULL, NULL, NULL, NULL, 0, 0, 0, NULL, NULL, NULL, '2024-04-22 23:04:20', '2024-04-22 23:04:20'),
(214, 34, 12, NULL, NULL, NULL, NULL, NULL, NULL, NULL, NULL, NULL, NULL, 0, 0, 0, NULL, NULL, NULL, '2024-04-22 23:04:20', '2024-04-22 23:04:20'),
(215, 35, 10, NULL, NULL, NULL, NULL, NULL, NULL, NULL, NULL, NULL, NULL, 0, 0, 0, NULL, NULL, NULL, '2024-04-22 23:04:20', '2024-04-22 23:04:20'),
(216, 35, 11, NULL, NULL, NULL, NULL, NULL, NULL, NULL, NULL, NULL, NULL, 0, 0, 0, NULL, NULL, NULL, '2024-04-22 23:04:20', '2024-04-22 23:04:20'),
(217, 35, 12, NULL, NULL, NULL, NULL, NULL, NULL, NULL, NULL, NULL, NULL, 0, 0, 0, NULL, NULL, NULL, '2024-04-22 23:04:20', '2024-04-22 23:04:20'),
(218, 36, 10, NULL, NULL, NULL, NULL, NULL, NULL, NULL, NULL, NULL, NULL, 0, 0, 0, NULL, NULL, NULL, '2024-04-22 23:04:21', '2024-04-22 23:04:21'),
(219, 36, 11, NULL, NULL, NULL, NULL, NULL, NULL, NULL, NULL, NULL, NULL, 0, 0, 0, NULL, NULL, NULL, '2024-04-22 23:04:21', '2024-04-22 23:04:21'),
(220, 36, 12, NULL, NULL, NULL, NULL, NULL, NULL, NULL, NULL, NULL, NULL, 0, 0, 0, NULL, NULL, NULL, '2024-04-22 23:04:21', '2024-04-22 23:04:21'),
(221, 37, 10, NULL, NULL, NULL, NULL, NULL, NULL, NULL, NULL, NULL, NULL, 0, 0, 0, NULL, NULL, NULL, '2024-04-22 23:04:21', '2024-04-22 23:04:21'),
(222, 37, 11, NULL, NULL, NULL, NULL, NULL, NULL, NULL, NULL, NULL, NULL, 0, 0, 0, NULL, NULL, NULL, '2024-04-22 23:04:21', '2024-04-22 23:04:21'),
(223, 37, 12, NULL, NULL, NULL, NULL, NULL, NULL, NULL, NULL, NULL, NULL, 0, 0, 0, NULL, NULL, NULL, '2024-04-22 23:04:21', '2024-04-22 23:04:21'),
(224, 38, 10, NULL, NULL, NULL, NULL, NULL, NULL, NULL, NULL, NULL, NULL, 0, 0, 0, NULL, NULL, NULL, '2024-04-22 23:04:22', '2024-04-22 23:04:22'),
(225, 38, 11, NULL, NULL, NULL, NULL, NULL, NULL, NULL, NULL, NULL, NULL, 0, 0, 0, NULL, NULL, NULL, '2024-04-22 23:04:22', '2024-04-22 23:04:22'),
(226, 38, 12, NULL, NULL, NULL, NULL, NULL, NULL, NULL, NULL, NULL, NULL, 0, 0, 0, NULL, NULL, NULL, '2024-04-22 23:04:22', '2024-04-22 23:04:22'),
(227, 39, 10, NULL, NULL, NULL, NULL, NULL, NULL, NULL, NULL, NULL, NULL, 0, 0, 0, NULL, NULL, NULL, '2024-04-22 23:04:22', '2024-04-22 23:04:22'),
(228, 39, 11, NULL, NULL, NULL, NULL, NULL, NULL, NULL, NULL, NULL, NULL, 0, 0, 0, NULL, NULL, NULL, '2024-04-22 23:04:22', '2024-04-22 23:04:22'),
(229, 39, 12, NULL, NULL, NULL, NULL, NULL, NULL, NULL, NULL, NULL, NULL, 0, 0, 0, NULL, NULL, NULL, '2024-04-22 23:04:22', '2024-04-22 23:04:22'),
(230, 40, 10, NULL, NULL, NULL, NULL, NULL, NULL, NULL, NULL, NULL, NULL, 0, 0, 0, NULL, NULL, NULL, '2024-04-22 23:04:23', '2024-04-22 23:04:23'),
(231, 40, 11, NULL, NULL, NULL, NULL, NULL, NULL, NULL, NULL, NULL, NULL, 0, 0, 0, NULL, NULL, NULL, '2024-04-22 23:04:23', '2024-04-22 23:04:23'),
(232, 40, 12, NULL, NULL, NULL, NULL, NULL, NULL, NULL, NULL, NULL, NULL, 0, 0, 0, NULL, NULL, NULL, '2024-04-22 23:04:23', '2024-04-22 23:04:23'),
(233, 41, 10, NULL, NULL, NULL, NULL, NULL, NULL, NULL, NULL, NULL, NULL, 0, 0, 0, NULL, NULL, NULL, '2024-04-22 23:04:23', '2024-04-22 23:04:23'),
(234, 41, 11, NULL, NULL, NULL, NULL, NULL, NULL, NULL, NULL, NULL, NULL, 0, 0, 0, NULL, NULL, NULL, '2024-04-22 23:04:23', '2024-04-22 23:04:23'),
(235, 41, 12, NULL, NULL, NULL, NULL, NULL, NULL, NULL, NULL, NULL, NULL, 0, 0, 0, NULL, NULL, NULL, '2024-04-22 23:04:23', '2024-04-22 23:04:23'),
(236, 42, 10, NULL, NULL, NULL, NULL, NULL, NULL, NULL, NULL, NULL, NULL, 0, 0, 0, NULL, NULL, NULL, '2024-04-22 23:04:24', '2024-04-22 23:04:24'),
(237, 42, 11, NULL, NULL, NULL, NULL, NULL, NULL, NULL, NULL, NULL, NULL, 0, 0, 0, NULL, NULL, NULL, '2024-04-22 23:04:24', '2024-04-22 23:04:24'),
(238, 42, 12, NULL, NULL, NULL, NULL, NULL, NULL, NULL, NULL, NULL, NULL, 0, 0, 0, NULL, NULL, NULL, '2024-04-22 23:04:24', '2024-04-22 23:04:24');

-- --------------------------------------------------------

--
-- Table structure for table `imported_classlist`
--

CREATE TABLE `imported_classlist` (
  `id` bigint(20) UNSIGNED NOT NULL,
  `subjects_id` bigint(20) UNSIGNED NOT NULL,
  `instructor_id` bigint(20) UNSIGNED NOT NULL,
  `days` varchar(255) NOT NULL,
  `time` varchar(255) NOT NULL,
  `room` varchar(255) NOT NULL,
  `created_at` timestamp NULL DEFAULT NULL,
  `updated_at` timestamp NULL DEFAULT NULL
) ENGINE=InnoDB DEFAULT CHARSET=utf8mb4 COLLATE=utf8mb4_unicode_ci;

--
-- Dumping data for table `imported_classlist`
--

INSERT INTO `imported_classlist` (`id`, `subjects_id`, `instructor_id`, `days`, `time`, `room`, `created_at`, `updated_at`) VALUES
(1, 1, 35, 'W/F, T', '9:00 AM-10:00 AM, 8:00 AM-11:00 AM', 'F215, CA01', '2024-04-17 19:54:59', '2024-04-17 19:54:59'),
(2, 2, 35, 'M', '10:00 AM-11:00 AM', 'F213', '2024-04-18 22:37:11', '2024-04-18 22:37:11'),
(3, 1, 58, 'W/F, T', '9:00 AM-10:00 AM, 8:00 AM-11:00 AM', 'F215, CA01', '2024-04-18 23:39:11', '2024-04-18 23:39:11'),
(4, 3, 58, 'W/F, T', '9:00 AM-10:00 AM, 8:00 AM-11:00 AM', 'F215, CA01', '2024-04-18 23:41:17', '2024-04-18 23:41:17'),
(5, 4, 35, 'W', '8:00 AM-9:00 AM', 'F215', '2024-04-22 20:26:48', '2024-04-22 20:26:48'),
(6, 5, 35, 'W', '9:00 AM-10:00 AM', 'F214', '2024-04-22 22:22:44', '2024-04-22 22:22:44');

-- --------------------------------------------------------

--
-- Table structure for table `migrations`
--

CREATE TABLE `migrations` (
  `id` int(10) UNSIGNED NOT NULL,
  `migration` varchar(255) NOT NULL,
  `batch` int(11) NOT NULL
) ENGINE=InnoDB DEFAULT CHARSET=utf8mb4 COLLATE=utf8mb4_unicode_ci;

-- --------------------------------------------------------

--
-- Table structure for table `password_reset_tokens`
--

CREATE TABLE `password_reset_tokens` (
  `email` varchar(255) NOT NULL,
  `token` varchar(255) NOT NULL,
  `created_at` timestamp NULL DEFAULT NULL
) ENGINE=InnoDB DEFAULT CHARSET=utf8mb4 COLLATE=utf8mb4_unicode_ci;

-- --------------------------------------------------------

--
-- Table structure for table `personal_access_tokens`
--

CREATE TABLE `personal_access_tokens` (
  `id` bigint(20) UNSIGNED NOT NULL,
  `tokenable_type` varchar(255) NOT NULL,
  `tokenable_id` bigint(20) UNSIGNED NOT NULL,
  `name` varchar(255) NOT NULL,
  `token` varchar(64) NOT NULL,
  `abilities` text DEFAULT NULL,
  `last_used_at` timestamp NULL DEFAULT NULL,
  `expires_at` timestamp NULL DEFAULT NULL,
  `created_at` timestamp NULL DEFAULT NULL,
  `updated_at` timestamp NULL DEFAULT NULL
) ENGINE=InnoDB DEFAULT CHARSET=utf8mb4 COLLATE=utf8mb4_unicode_ci;

-- --------------------------------------------------------

--
-- Table structure for table `semesters`
--

CREATE TABLE `semesters` (
  `id` bigint(20) UNSIGNED NOT NULL,
  `semester_name` varchar(255) NOT NULL,
  `school_year` varchar(255) NOT NULL,
  `is_current` tinyint(1) NOT NULL DEFAULT 0,
  `created_at` timestamp NULL DEFAULT NULL,
  `updated_at` timestamp NULL DEFAULT NULL
) ENGINE=InnoDB DEFAULT CHARSET=utf8mb4 COLLATE=utf8mb4_unicode_ci;

--
-- Dumping data for table `semesters`
--

INSERT INTO `semesters` (`id`, `semester_name`, `school_year`, `is_current`, `created_at`, `updated_at`) VALUES
(1, 'First Semester', '2023 - 2024', 1, '2024-04-17 19:53:26', '2024-04-17 19:54:09');

-- --------------------------------------------------------

--
-- Table structure for table `subjects`
--

CREATE TABLE `subjects` (
  `id` bigint(20) UNSIGNED NOT NULL,
  `subject_code` varchar(255) NOT NULL,
  `description` varchar(255) NOT NULL,
  `section` varchar(255) NOT NULL,
  `term` varchar(255) NOT NULL,
  `subject_type` varchar(255) NOT NULL,
  `created_at` timestamp NULL DEFAULT NULL,
  `updated_at` timestamp NULL DEFAULT NULL
) ENGINE=InnoDB DEFAULT CHARSET=utf8mb4 COLLATE=utf8mb4_unicode_ci;

--
-- Dumping data for table `subjects`
--

INSERT INTO `subjects` (`id`, `subject_code`, `description`, `section`, `term`, `subject_type`, `created_at`, `updated_at`) VALUES
(1, 'DSALGO1', 'DATA STRUCTURES AND ALGORITHM', '2 - IDC3', 'First Semester, 2023 - 2024', 'LecLab2080', '2024-04-17 19:54:59', '2024-04-17 19:54:59'),
(2, 'SYSINT2', 'SYTEMS INTEGRATION AND ARCHITECTURE', '2 - IDC2', 'First Semester, 2023 - 2024', 'Lec', '2024-04-18 22:37:10', '2024-04-18 22:37:10'),
(3, 'DSALGO1', 'DATA STRUCTURES AND ALGORITHM', '2 - IDC4', 'First Semester, 2023 - 2024', 'LecLab6040', '2024-04-18 23:41:17', '2024-04-18 23:41:17'),
(4, 'LECSUB1', 'LECTURE SUBJECT', '2 - IDB3', 'First Semester, 2023 - 2024', 'Lec', '2024-04-22 20:26:48', '2024-04-22 20:26:48'),
(5, 'LABSUB1', 'LAB SUBJECT 1', '2 - IDB3', 'First Semester, 2023 - 2024', 'Lab', '2024-04-22 22:22:44', '2024-04-22 22:22:44');

-- --------------------------------------------------------

--
-- Table structure for table `subject_descriptions`
--

CREATE TABLE `subject_descriptions` (
  `id` bigint(20) UNSIGNED NOT NULL,
  `subject_code` varchar(255) NOT NULL,
  `subject_name` varchar(255) NOT NULL,
  `created_at` timestamp NULL DEFAULT NULL,
  `updated_at` timestamp NULL DEFAULT NULL
) ENGINE=InnoDB DEFAULT CHARSET=utf8mb4 COLLATE=utf8mb4_unicode_ci;

-- --------------------------------------------------------

--
-- Table structure for table `subject_type_percentage`
--

CREATE TABLE `subject_type_percentage` (
  `id` bigint(20) UNSIGNED NOT NULL,
  `subject_type` varchar(255) NOT NULL,
  `lec_percentage` decimal(3,2) NOT NULL,
  `lab_percentage` decimal(3,2) NOT NULL,
  `created_at` timestamp NULL DEFAULT NULL,
  `updated_at` timestamp NULL DEFAULT NULL
) ENGINE=InnoDB DEFAULT CHARSET=utf8mb4 COLLATE=utf8mb4_unicode_ci;

--
-- Dumping data for table `subject_type_percentage`
--

INSERT INTO `subject_type_percentage` (`id`, `subject_type`, `lec_percentage`, `lab_percentage`, `created_at`, `updated_at`) VALUES
(1, 'LecLab2080', 0.20, 0.80, '2024-04-17 19:53:43', '2024-04-17 19:53:43'),
(2, 'LecLab6040', 0.60, 0.40, '2024-04-18 23:38:54', '2024-04-18 23:38:54');

-- --------------------------------------------------------

--
-- Table structure for table `users`
--

CREATE TABLE `users` (
  `id` bigint(20) UNSIGNED NOT NULL,
  `id_number` varchar(255) NOT NULL,
  `name` varchar(255) NOT NULL,
  `middle_name` varchar(255) DEFAULT NULL,
  `last_name` varchar(255) DEFAULT NULL,
  `course` varchar(255) DEFAULT NULL,
  `gender` varchar(255) DEFAULT NULL,
  `password` varchar(255) NOT NULL,
  `role` tinyint(4) NOT NULL COMMENT '1=admin, 2=teacher, 3=student, 4=secretary',
  `remember_token` varchar(100) DEFAULT NULL,
  `created_at` timestamp NULL DEFAULT NULL,
  `updated_at` timestamp NULL DEFAULT NULL
) ENGINE=InnoDB DEFAULT CHARSET=utf8mb4 COLLATE=utf8mb4_unicode_ci;

--
-- Dumping data for table `users`
--

INSERT INTO `users` (`id`, `id_number`, `name`, `middle_name`, `last_name`, `course`, `gender`, `password`, `role`, `remember_token`, `created_at`, `updated_at`) VALUES
(1, 'admin', 'admin', NULL, NULL, NULL, NULL, '$2y$10$813IV7ZO3Sb9fnlrIC/Nge9UCjYsuxSsHtpu68d/QNuh6EVuxj3UK', 1, 'xlTvxSHQ8Q6mWCproO9wfgvXg13TGIiqaG0Jmw9lJ0aJ6NmGsRRJlfYAlUoO', NULL, '2024-04-17 23:50:14'),
(35, '10001000', 'Richard', 'O', 'Deckard', NULL, NULL, '$2y$10$7c6MGnR0YMys5DdNflC1OOXJETenq5ll9mly4e30kCgwh4DpbOBuK', 2, 'UQHkEG9iS0VjtdhS9yTAXBdlqx9Y1KmjTT6qTaP8ZwYTccv5bmK87LjUMpwx', '2024-04-17 19:52:50', '2024-04-17 23:00:45'),
(36, '20151000', 'Tariq', 'R.', 'Andrews', 'BSIT', 'Male', '$2y$10$Yvk4tGRcg3ZCAE03uIz0w.5qymSJSX4D9hselYRd9AywH5g50sPki', 3, 'WVgclknEwA69IsRvaAkPaeXJbxY1gGBYgIsvA5U2xx8KcH9TwtdT0hGrusWL', '2024-04-17 19:54:54', '2024-04-17 23:01:23'),
(37, '20151110', 'Raphael', 'S.', 'Archer', 'BSIT', 'Male', '$2y$10$Haxs8MoHu9.TlSY54kgUFecK74eQPlBCrxtqRAAij8bnMvllo9/66', 3, 'FvMQoQjLj5qdt4qzuB9ZrfAfeQEnHo4ErgVvgJGRXK01MWWXQ4AzIYB8xeGc', '2024-04-17 19:54:54', '2024-04-17 19:54:54'),
(38, '20151120', 'Brian', 'L.', 'Cooke', 'BSCS', 'Male', '$2y$10$I64/.ZzxDsMnpnDAOQmUwezUJIJoNqJIsHNTE3XFekjX3Q.07zjhq', 3, NULL, '2024-04-17 19:54:55', '2024-04-17 19:54:55'),
(39, '20151130', 'Timothy', 'U.', 'Dejesus', 'BSCS', 'Male', '$2y$10$L8V5vAR/jVgVbTQpPrd/e.vheMXzOUA51N.fAFfLZKCUYKz7C.uX6', 3, NULL, '2024-04-17 19:54:56', '2024-04-17 19:54:56'),
(40, '20151140', 'Vincent', 'M.', 'Fernandez', 'BSCS', 'Male', '$2y$10$Ib7fFssRLhGvImOc6f8mEe.g43QLTGKTY21nCRIhikgJBwh/34JMK', 3, NULL, '2024-04-17 19:54:56', '2024-04-17 19:54:56'),
(41, '20151150', 'Olly', 'P.', 'Ford', 'BSCS', 'Male', '$2y$10$52M6qbxko.Q7SE0bcT3j1ucgllst21fRqeiopFQIFaQV1MUVw5vCy', 3, NULL, '2024-04-17 19:54:56', '2024-04-17 19:54:56'),
(42, '20151160', 'Magnus', 'P.', 'Gould', 'BSCS', 'Male', '$2y$10$wzLA.BYDc83mUQaWwLeVHuOyFj7W8P2LeS8qALjAxLne/xRAUmGe6', 3, NULL, '2024-04-17 19:54:56', '2024-04-17 19:54:56'),
(43, '20151170', 'Dennis', 'S.', 'Haley', 'BSCS', 'Male', '$2y$10$68NN2K3/jMaxF8Q62A.7ZOaWZ6teC3JU14AFnO5N2e/.BrBvAvvF.', 3, NULL, '2024-04-17 19:54:56', '2024-04-17 19:54:56'),
(44, '20151180', 'Jakob', 'W.', 'Harding', 'BSCS', 'Male', '$2y$10$6RPBoVkHMYtpBRp7I9GKGuGCN.Oi7KqkKi68hig129nhoQDG7suom', 3, NULL, '2024-04-17 19:54:57', '2024-04-17 19:54:57'),
(45, '20151190', 'Mike', 'A.', 'Ingram', 'BSCS', 'Male', '$2y$10$U5hBlweSXp4Pl6e.GNyjk.jP6Jbr5BrX5C8WruKCiPbK13/iauR7S', 3, NULL, '2024-04-17 19:54:57', '2024-04-17 19:54:57'),
(46, '20151200', 'Omer', 'X.', 'Leonard', 'BSCS', 'Male', '$2y$10$UM.6oQx23f/lzTJPz81ZXO7B3.0yg125uQo5smHODq2AzcYUjIhqi', 3, NULL, '2024-04-17 19:54:57', '2024-04-17 19:54:57'),
(47, '20151210', 'Mike', 'S.', 'Morton', 'BSCS', 'Male', '$2y$10$VBxe0SaNuvOwg2AOnInrS.RGsyEap.wwZSPwzX8rrXeGFq1lTl2RO', 3, NULL, '2024-04-17 19:54:57', '2024-04-17 19:54:57'),
(48, '20151220', 'Trystan', 'Q.', 'Mullen', 'BSCS', 'Male', '$2y$10$6Vj0cOjujg9mpbjP.m8jC.ixk9J/kBAs7hcgn32g9OQlAuX1D5tQa', 3, NULL, '2024-04-17 19:54:57', '2024-04-17 19:54:57'),
(49, '20151230', 'Dewey', 'M.', 'Stein', 'BSCS', 'Male', '$2y$10$JCK4/u/nr9UUv06UJMEgduN5.8han4qEb.EZYnpdfBD0tdm2tSVx6', 3, NULL, '2024-04-17 19:54:57', '2024-04-17 19:54:57'),
(50, '20151240', 'Shannon', 'H.', 'Summers', 'BSCS', 'Male', '$2y$10$EAje0QA/pauklA5/YaYcE.3o.vyVl9/.OB2aErGraYaucmzrnARv6', 3, NULL, '2024-04-17 19:54:58', '2024-04-17 19:54:58'),
(51, '20151250', 'Byron', 'Q.', 'Sweeney', 'BSCS', 'Male', '$2y$10$ZJGXYAzhFObNZzXmACXos.O3rLr7G7K29rxsl4TOkmtJcuq6dgMKa', 3, NULL, '2024-04-17 19:54:58', '2024-04-17 19:54:58'),
(52, '20151260', 'Ishaan', 'Q.', 'Vang', 'BSCS', 'Male', '$2y$10$y98pxErpjsM5V.G.xAJDIO7Y3iVXa5UjSdOc5Jdx3vRjknUcbd3Sa', 3, NULL, '2024-04-17 19:54:58', '2024-04-17 19:54:58'),
(53, '20151270', 'Gideon', 'C.', 'Velasquez', 'BSCS', 'Male', '$2y$10$EiBeEOVIKCVk3UfKPoPBTuMgL.BjYC9sQMPSE8YWdnsrIi//AXxZC', 3, NULL, '2024-04-17 19:54:58', '2024-04-17 19:54:58'),
(54, '20151454', 'Eryn', 'W.', 'Douglas', 'BSIT', 'Female', '$2y$10$mIVRbeWDix4Yn49ejp2PC.elbWlp3AG4xk1IBI2pe0kWbSH2vMGVC', 3, NULL, '2024-04-17 19:54:58', '2024-04-17 19:54:58'),
(55, '20151970', 'Jayden', 'M.', 'Giles', 'BSCS', 'Female', '$2y$10$GO8XGpCwjQdCDcwzxMQ1YuP5/Yo6rCUrHWDZahe6I1IqO0rX3O/2q', 3, NULL, '2024-04-17 19:54:59', '2024-04-17 19:54:59'),
(56, '20151750', 'Evangeline', 'S.', 'Holloway', 'BSCS', 'Female', '$2y$10$JrG5nkcKCavRjLr4uL4O0.OwKJ.lkE2cLJiqEAykDK.pdP/8a2rGK', 3, NULL, '2024-04-17 19:54:59', '2024-04-17 19:54:59'),
(57, '00001000', 'Rachel', 'I', 'Masaya', NULL, NULL, '$2y$10$tMtS2SjOIqRQ/jBvJf.2V.qbNO4lJawEmla0NANuwL49Mb/xfdXhK', 4, 'Al8OFH5TEml8Xyk48Z2pzcfKiON9KoVG9SGHakWBtbvpZ6EZbFN29iernvKV', '2024-04-17 22:40:05', '2024-04-17 23:00:14'),
(58, '406021', 'junamil', '', 'zamora-cacho', NULL, NULL, '$2y$10$IrM8yzIC.eH8lnrHNTutC.b8xUAP3R8rDW15yEH4D4JLy4HJi5l8e', 2, 'N7l1XCvlbMyh76V2aB9Mi657XCnDKjkB3vhxxqsRENsgj79OXfvM82PzKdEG', '2024-04-18 23:20:05', '2024-04-18 23:20:05'),
(59, '20091220', 'Juan', 'L.', 'Dela Cruz', 'BSCS', 'Male', '$2y$10$5XhmHrfDlRKyB7BYSdGT.OcOEJlyoVr/DGExglkB6ZhR4JpQUo8ia', 3, NULL, '2024-04-22 20:26:46', '2024-04-22 20:26:46'),
(60, '20019312', 'Glenn', 'S.', 'Howard', 'BSCS', 'Male', '$2y$10$baGULYm9Tj9jiNypahR3Ous.t8nB3g8.z0tpMB9EcZ0wiyqZ1/C5.', 3, NULL, '2024-04-22 20:26:46', '2024-04-22 20:26:46'),
(61, '20012312', 'Testname', 'S.', 'Test', 'BSCS', 'Male', '$2y$10$yyP4EWUs0rNHRNL.DSh1n.6tBZ9NKlGXkGbzPyaqZGogrn1NIbyva', 3, NULL, '2024-04-22 20:26:47', '2024-04-22 20:26:47'),
(62, '21232122', 'Testname2', 'S.', 'Test', 'BSCS', 'Male', '$2y$10$VqY.pyZhVV1PHzt6ulaXTut4DZXmIZCI9dEwnkfn5eF7/4C1mNgCS', 3, NULL, '2024-04-22 20:26:47', '2024-04-22 20:26:47'),
(63, '21232123', 'Testname3', 'S.', 'Test', 'BSCS', 'Male', '$2y$10$ZIFvBWNLb./AiOTaeAYsOulDl1NnB5QX7WJ1uDAVSWVlb6J52g61K', 3, NULL, '2024-04-22 20:26:47', '2024-04-22 20:26:47'),
(64, '20998131', 'Eliza', 'W.', 'Forza', 'BSIT', 'Female', '$2y$10$/6cbyQ8Hp6Ln6tvxpPO3p.8/DE.fd.XLgpb5pwO3EffU4E2dzPAwO', 3, NULL, '2024-04-22 20:26:47', '2024-04-22 20:26:47'),
(65, '29098881', 'Samus', 'L.', 'Sams', 'BSIT', 'Female', '$2y$10$CfoTdwr0F9Pn7f2XehpzzeKGTmRxBLo0yrFRDYr1RNs9Gil7iKoii', 3, NULL, '2024-04-22 20:26:47', '2024-04-22 20:26:47'),
(66, '20299123', 'Martah', 'S.', 'Sekus', 'BSIT', 'Female', '$2y$10$lngu1CTT.ydjzvZ.1PbRbu59Ih4qfHWh9ir3T6KOOPKO9g4KehKa6', 3, NULL, '2024-04-22 20:26:47', '2024-04-22 20:26:47');

--
-- Indexes for dumped tables
--

--
-- Indexes for table `assessments`
--
ALTER TABLE `assessments`
  ADD PRIMARY KEY (`id`),
  ADD KEY `assessments_subject_id_foreign` (`subject_id`);

--
-- Indexes for table `assessment_descriptions`
--
ALTER TABLE `assessment_descriptions`
  ADD PRIMARY KEY (`id`),
  ADD KEY `assessment_descriptions_subject_desc_id_foreign` (`subject_desc_id`);

--
-- Indexes for table `enrolled_students`
--
ALTER TABLE `enrolled_students`
  ADD PRIMARY KEY (`id`),
  ADD KEY `enrolled_students_student_id_foreign` (`student_id`),
  ADD KEY `enrolled_students_imported_classlist_id_foreign` (`imported_classlist_id`);

--
-- Indexes for table `failed_jobs`
--
ALTER TABLE `failed_jobs`
  ADD PRIMARY KEY (`id`),
  ADD UNIQUE KEY `failed_jobs_uuid_unique` (`uuid`);

--
-- Indexes for table `grades`
--
ALTER TABLE `grades`
  ADD PRIMARY KEY (`id`),
  ADD KEY `grades_enrolled_student_id_foreign` (`enrolled_student_id`),
  ADD KEY `grades_assessment_id_foreign` (`assessment_id`);

--
-- Indexes for table `imported_classlist`
--
ALTER TABLE `imported_classlist`
  ADD PRIMARY KEY (`id`),
  ADD KEY `imported_classlist_subjects_id_foreign` (`subjects_id`),
  ADD KEY `imported_classlist_instructor_id_foreign` (`instructor_id`);

--
-- Indexes for table `migrations`
--
ALTER TABLE `migrations`
  ADD PRIMARY KEY (`id`);

--
-- Indexes for table `password_reset_tokens`
--
ALTER TABLE `password_reset_tokens`
  ADD PRIMARY KEY (`email`);

--
-- Indexes for table `personal_access_tokens`
--
ALTER TABLE `personal_access_tokens`
  ADD PRIMARY KEY (`id`),
  ADD UNIQUE KEY `personal_access_tokens_token_unique` (`token`),
  ADD KEY `personal_access_tokens_tokenable_type_tokenable_id_index` (`tokenable_type`,`tokenable_id`);

--
-- Indexes for table `semesters`
--
ALTER TABLE `semesters`
  ADD PRIMARY KEY (`id`);

--
-- Indexes for table `subjects`
--
ALTER TABLE `subjects`
  ADD PRIMARY KEY (`id`);

--
-- Indexes for table `subject_descriptions`
--
ALTER TABLE `subject_descriptions`
  ADD PRIMARY KEY (`id`),
  ADD UNIQUE KEY `subject_descriptions_subject_code_unique` (`subject_code`);

--
-- Indexes for table `subject_type_percentage`
--
ALTER TABLE `subject_type_percentage`
  ADD PRIMARY KEY (`id`),
  ADD UNIQUE KEY `subject_type_percentage_subject_type_unique` (`subject_type`);

--
-- Indexes for table `users`
--
ALTER TABLE `users`
  ADD PRIMARY KEY (`id`),
  ADD UNIQUE KEY `users_id_number_unique` (`id_number`);

--
-- AUTO_INCREMENT for dumped tables
--

--
-- AUTO_INCREMENT for table `assessments`
--
ALTER TABLE `assessments`
  MODIFY `id` bigint(20) UNSIGNED NOT NULL AUTO_INCREMENT, AUTO_INCREMENT=13;

--
-- AUTO_INCREMENT for table `assessment_descriptions`
--
ALTER TABLE `assessment_descriptions`
  MODIFY `id` bigint(20) UNSIGNED NOT NULL AUTO_INCREMENT;

--
-- AUTO_INCREMENT for table `enrolled_students`
--
ALTER TABLE `enrolled_students`
  MODIFY `id` bigint(20) UNSIGNED NOT NULL AUTO_INCREMENT, AUTO_INCREMENT=100;

--
-- AUTO_INCREMENT for table `failed_jobs`
--
ALTER TABLE `failed_jobs`
  MODIFY `id` bigint(20) UNSIGNED NOT NULL AUTO_INCREMENT;

--
-- AUTO_INCREMENT for table `grades`
--
ALTER TABLE `grades`
  MODIFY `id` bigint(20) UNSIGNED NOT NULL AUTO_INCREMENT, AUTO_INCREMENT=239;

--
-- AUTO_INCREMENT for table `imported_classlist`
--
ALTER TABLE `imported_classlist`
  MODIFY `id` bigint(20) UNSIGNED NOT NULL AUTO_INCREMENT, AUTO_INCREMENT=7;

--
-- AUTO_INCREMENT for table `migrations`
--
ALTER TABLE `migrations`
  MODIFY `id` int(10) UNSIGNED NOT NULL AUTO_INCREMENT;

--
-- AUTO_INCREMENT for table `personal_access_tokens`
--
ALTER TABLE `personal_access_tokens`
  MODIFY `id` bigint(20) UNSIGNED NOT NULL AUTO_INCREMENT;

--
-- AUTO_INCREMENT for table `semesters`
--
ALTER TABLE `semesters`
  MODIFY `id` bigint(20) UNSIGNED NOT NULL AUTO_INCREMENT, AUTO_INCREMENT=2;

--
-- AUTO_INCREMENT for table `subjects`
--
ALTER TABLE `subjects`
  MODIFY `id` bigint(20) UNSIGNED NOT NULL AUTO_INCREMENT, AUTO_INCREMENT=6;

--
-- AUTO_INCREMENT for table `subject_descriptions`
--
ALTER TABLE `subject_descriptions`
  MODIFY `id` bigint(20) UNSIGNED NOT NULL AUTO_INCREMENT;

--
-- AUTO_INCREMENT for table `subject_type_percentage`
--
ALTER TABLE `subject_type_percentage`
  MODIFY `id` bigint(20) UNSIGNED NOT NULL AUTO_INCREMENT, AUTO_INCREMENT=3;

--
-- AUTO_INCREMENT for table `users`
--
ALTER TABLE `users`
  MODIFY `id` bigint(20) UNSIGNED NOT NULL AUTO_INCREMENT, AUTO_INCREMENT=67;

--
-- Constraints for dumped tables
--

--
-- Constraints for table `assessments`
--
ALTER TABLE `assessments`
  ADD CONSTRAINT `assessments_subject_id_foreign` FOREIGN KEY (`subject_id`) REFERENCES `subjects` (`id`);

--
-- Constraints for table `assessment_descriptions`
--
ALTER TABLE `assessment_descriptions`
  ADD CONSTRAINT `assessment_descriptions_subject_desc_id_foreign` FOREIGN KEY (`subject_desc_id`) REFERENCES `subject_descriptions` (`id`);

--
-- Constraints for table `enrolled_students`
--
ALTER TABLE `enrolled_students`
  ADD CONSTRAINT `enrolled_students_imported_classlist_id_foreign` FOREIGN KEY (`imported_classlist_id`) REFERENCES `imported_classlist` (`id`),
  ADD CONSTRAINT `enrolled_students_student_id_foreign` FOREIGN KEY (`student_id`) REFERENCES `users` (`id`);

--
-- Constraints for table `grades`
--
ALTER TABLE `grades`
  ADD CONSTRAINT `grades_assessment_id_foreign` FOREIGN KEY (`assessment_id`) REFERENCES `assessments` (`id`),
  ADD CONSTRAINT `grades_enrolled_student_id_foreign` FOREIGN KEY (`enrolled_student_id`) REFERENCES `enrolled_students` (`id`);

--
-- Constraints for table `imported_classlist`
--
ALTER TABLE `imported_classlist`
  ADD CONSTRAINT `imported_classlist_instructor_id_foreign` FOREIGN KEY (`instructor_id`) REFERENCES `users` (`id`),
  ADD CONSTRAINT `imported_classlist_subjects_id_foreign` FOREIGN KEY (`subjects_id`) REFERENCES `subjects` (`id`);
COMMIT;

/*!40101 SET CHARACTER_SET_CLIENT=@OLD_CHARACTER_SET_CLIENT */;
/*!40101 SET CHARACTER_SET_RESULTS=@OLD_CHARACTER_SET_RESULTS */;
/*!40101 SET COLLATION_CONNECTION=@OLD_COLLATION_CONNECTION */;
